{"tilemap": {"8;9": {"type": "grass", "variant": 8, "pos": [8, 9]}, "8;8": {"type": "grass", "variant": 1, "pos": [8, 8]}, "7;8": {"type": "grass", "variant": 1, "pos": [7, 8]}, "9;8": {"type": "grass", "variant": 1, "pos": [9, 8]}, "9;9": {"type": "grass", "variant": 8, "pos": [9, 9]}, "10;9": {"type": "grass", "variant": 3, "pos": [10, 9]}, "7;9": {"type": "grass", "variant": 8, "pos": [7, 9]}, "6;9": {"type": "grass", "variant": 6, "pos": [6, 9]}, "10;8": {"type": "grass", "variant": 2, "pos": [10, 8]}, "9;10": {"type": "grass", "variant": 8, "pos": [9, 10]}, "10;10": {"type": "grass", "variant": 3, "pos": [10, 10]}, "8;10": {"type": "grass", "variant": 5, "pos": [8, 10]}, "7;10": {"type": "grass", "variant": 6, "pos": [7, 10]}, "10;11": {"type": "grass", "variant": 4, "pos": [10, 11]}, "9;11": {"type": "grass", "variant": 6, "pos": [9, 11]}, "6;8": {"type": "grass", "variant": 0, "pos": [6, 8]}, "-2;11": {"type": "border", "variant": 0, "pos": [-2, 11]}, "-2;7": {"type": "border", "variant": 0, "pos": [-2, 7]}, "-2;3": {"type": "border", "variant": 0, "pos": [-2, 3]}, "6;16": {"type": "border", "variant": 1, "pos": [6, 16]}, "12;16": {"type": "border", "variant": 1, "pos": [12, 16]}, "18;16": {"type": "border", "variant": 1, "pos": [18, 16]}, "24;16": {"type": "border", "variant": 1, "pos": [24, 16]}, "14;8": {"type": "stone", "variant": 1, "pos": [14, 8]}, "14;9": {"type": "stone", "variant": 8, "pos": [14, 9]}, "14;10": {"type": "stone", "variant": 8, "pos": [14, 10]}, "14;11": {"type": "stone", "variant": 5, "pos": [14, 11]}, "15;9": {"type": "stone", "variant": 8, "pos": [15, 9]}, "15;8": {"type": "stone", "variant": 1, "pos": [15, 8]}, "16;8": {"type": "stone", "variant": 1, "pos": [16, 8]}, "16;9": {"type": "stone", "variant": 8, "pos": [16, 9]}, "17;9": {"type": "stone", "variant": 8, "pos": [17, 9]}, "17;8": {"type": "stone", "variant": 1, "pos": [17, 8]}, "17;10": {"type": "stone", "variant": 8, "pos": [17, 10]}, "16;10": {"type": "stone", "variant": 8, "pos": [16, 10]}, "15;10": {"type": "stone", "variant": 8, "pos": [15, 10]}, "16;11": {"type": "stone", "variant": 5, "pos": [16, 11]}, "17;11": {"type": "stone", "variant": 5, "pos": [17, 11]}, "18;11": {"type": "stone", "variant": 4, "pos": [18, 11]}, "18;10": {"type": "stone", "variant": 8, "pos": [18, 10]}, "18;9": {"type": "stone", "variant": 8, "pos": [18, 9]}, "18;8": {"type": "stone", "variant": 2, "pos": [18, 8]}, "15;11": {"type": "stone", "variant": 5, "pos": [15, 11]}, "19;9": {"type": "stone", "variant": 2, "pos": [19, 9]}, "19;10": {"type": "stone", "variant": 4, "pos": [19, 10]}, "24;13": {"type": "border", "variant": 0, "pos": [24, 13]}, "24;10": {"type": "border", "variant": 0, "pos": [24, 10]}, "24;8": {"type": "border", "variant": 0, "pos": [24, 8]}, "24;7": {"type": "border", "variant": 0, "pos": [24, 7]}, "24;5": {"type": "border", "variant": 0, "pos": [24, 5]}, "24;4": {"type": "border", "variant": 0, "pos": [24, 4]}, "24;0": {"type": "border", "variant": 0, "pos": [24, 0]}, "24;-1": {"type": "border", "variant": 0, "pos": [24, -1]}, "13;8": {"type": "stone", "variant": 0, "pos": [13, 8]}, "13;9": {"type": "stone", "variant": 7, "pos": [13, 9]}, "13;10": {"type": "stone", "variant": 7, "pos": [13, 10]}, "13;11": {"type": "stone", "variant": 6, "pos": [13, 11]}}, "tile_size": 16, "offgrid": [{"type": "spawners", "variant": 0, "pos": [100.25, 109.5]}, {"type": "large_decor", "variant": 2, "pos": [153.5, 85.75]}, {"type": "large_decor", "variant": 1, "pos": [119.75, 116.25]}, {"type": "decor", "variant": 0, "pos": [150.25, 113.75]}, {"type": "decor", "variant": 1, "pos": [163.25, 112.75]}, {"type": "spawners", "variant": 1, "pos": [291.75, 105.25]}, {"type": "large_decor", "variant": 0, "pos": [226.25, 119.25]}]}