{"tilemap": {"-2;11": {"type": "border", "variant": 0, "pos": [-2, 11]}, "-2;7": {"type": "border", "variant": 0, "pos": [-2, 7]}, "-2;3": {"type": "border", "variant": 0, "pos": [-2, 3]}, "6;16": {"type": "border", "variant": 1, "pos": [6, 16]}, "12;16": {"type": "border", "variant": 1, "pos": [12, 16]}, "18;16": {"type": "border", "variant": 1, "pos": [18, 16]}, "24;16": {"type": "border", "variant": 1, "pos": [24, 16]}, "3;8": {"type": "grass", "variant": 0, "pos": [3, 8]}, "4;8": {"type": "grass", "variant": 1, "pos": [4, 8]}, "5;8": {"type": "grass", "variant": 1, "pos": [5, 8]}, "6;8": {"type": "grass", "variant": 1, "pos": [6, 8]}, "7;8": {"type": "grass", "variant": 1, "pos": [7, 8]}, "8;8": {"type": "grass", "variant": 2, "pos": [8, 8]}, "8;9": {"type": "grass", "variant": 4, "pos": [8, 9]}, "7;9": {"type": "grass", "variant": 8, "pos": [7, 9]}, "6;9": {"type": "grass", "variant": 8, "pos": [6, 9]}, "5;9": {"type": "grass", "variant": 8, "pos": [5, 9]}, "4;9": {"type": "grass", "variant": 8, "pos": [4, 9]}, "4;10": {"type": "grass", "variant": 8, "pos": [4, 10]}, "5;10": {"type": "grass", "variant": 8, "pos": [5, 10]}, "6;10": {"type": "grass", "variant": 8, "pos": [6, 10]}, "7;10": {"type": "grass", "variant": 4, "pos": [7, 10]}, "3;10": {"type": "grass", "variant": 6, "pos": [3, 10]}, "3;9": {"type": "grass", "variant": 7, "pos": [3, 9]}, "4;11": {"type": "grass", "variant": 6, "pos": [4, 11]}, "5;11": {"type": "grass", "variant": 5, "pos": [5, 11]}, "6;11": {"type": "grass", "variant": 4, "pos": [6, 11]}, "10;7": {"type": "grass", "variant": 0, "pos": [10, 7]}, "10;8": {"type": "grass", "variant": 6, "pos": [10, 8]}, "11;8": {"type": "grass", "variant": 4, "pos": [11, 8]}, "11;7": {"type": "grass", "variant": 2, "pos": [11, 7]}, "13;5": {"type": "grass", "variant": 0, "pos": [13, 5]}, "13;6": {"type": "grass", "variant": 6, "pos": [13, 6]}, "14;6": {"type": "grass", "variant": 4, "pos": [14, 6]}, "14;5": {"type": "grass", "variant": 2, "pos": [14, 5]}, "17;4": {"type": "grass", "variant": 0, "pos": [17, 4]}, "18;4": {"type": "grass", "variant": 1, "pos": [18, 4]}, "19;4": {"type": "grass", "variant": 1, "pos": [19, 4]}, "20;4": {"type": "grass", "variant": 1, "pos": [20, 4]}, "21;4": {"type": "grass", "variant": 1, "pos": [21, 4]}, "22;4": {"type": "grass", "variant": 2, "pos": [22, 4]}, "22;5": {"type": "grass", "variant": 3, "pos": [22, 5]}, "21;5": {"type": "grass", "variant": 8, "pos": [21, 5]}, "20;5": {"type": "grass", "variant": 8, "pos": [20, 5]}, "19;5": {"type": "grass", "variant": 8, "pos": [19, 5]}, "18;5": {"type": "grass", "variant": 8, "pos": [18, 5]}, "17;5": {"type": "grass", "variant": 7, "pos": [17, 5]}, "17;6": {"type": "grass", "variant": 6, "pos": [17, 6]}, "18;6": {"type": "grass", "variant": 5, "pos": [18, 6]}, "19;6": {"type": "grass", "variant": 5, "pos": [19, 6]}, "20;6": {"type": "grass", "variant": 8, "pos": [20, 6]}, "20;7": {"type": "grass", "variant": 6, "pos": [20, 7]}, "21;7": {"type": "grass", "variant": 4, "pos": [21, 7]}, "21;6": {"type": "grass", "variant": 8, "pos": [21, 6]}, "22;6": {"type": "grass", "variant": 4, "pos": [22, 6]}, "25;6": {"type": "stone", "variant": 0, "pos": [25, 6]}, "25;7": {"type": "stone", "variant": 7, "pos": [25, 7]}, "25;8": {"type": "stone", "variant": 6, "pos": [25, 8]}, "26;8": {"type": "stone", "variant": 8, "pos": [26, 8]}, "26;7": {"type": "stone", "variant": 8, "pos": [26, 7]}, "26;6": {"type": "stone", "variant": 1, "pos": [26, 6]}, "27;6": {"type": "stone", "variant": 2, "pos": [27, 6]}, "27;7": {"type": "stone", "variant": 3, "pos": [27, 7]}, "27;8": {"type": "stone", "variant": 3, "pos": [27, 8]}, "27;9": {"type": "stone", "variant": 4, "pos": [27, 9]}, "26;9": {"type": "stone", "variant": 6, "pos": [26, 9]}, "22;11": {"type": "stone", "variant": 2, "pos": [22, 11]}, "21;11": {"type": "stone", "variant": 1, "pos": [21, 11]}, "20;11": {"type": "stone", "variant": 1, "pos": [20, 11]}, "19;11": {"type": "stone", "variant": 1, "pos": [19, 11]}, "18;11": {"type": "stone", "variant": 1, "pos": [18, 11]}, "17;11": {"type": "stone", "variant": 0, "pos": [17, 11]}, "16;12": {"type": "stone", "variant": 0, "pos": [16, 12]}, "17;12": {"type": "stone", "variant": 5, "pos": [17, 12]}, "18;12": {"type": "stone", "variant": 5, "pos": [18, 12]}, "19;12": {"type": "stone", "variant": 8, "pos": [19, 12]}, "20;12": {"type": "stone", "variant": 8, "pos": [20, 12]}, "21;12": {"type": "stone", "variant": 8, "pos": [21, 12]}, "22;12": {"type": "stone", "variant": 3, "pos": [22, 12]}, "22;13": {"type": "stone", "variant": 4, "pos": [22, 13]}, "21;13": {"type": "stone", "variant": 5, "pos": [21, 13]}, "20;13": {"type": "stone", "variant": 5, "pos": [20, 13]}, "19;13": {"type": "stone", "variant": 6, "pos": [19, 13]}, "24;13": {"type": "stone", "variant": 0, "pos": [24, 13]}, "25;13": {"type": "stone", "variant": 2, "pos": [25, 13]}, "25;14": {"type": "stone", "variant": 4, "pos": [25, 14]}, "24;14": {"type": "stone", "variant": 6, "pos": [24, 14]}, "28;13": {"type": "stone", "variant": 0, "pos": [28, 13]}, "28;14": {"type": "stone", "variant": 6, "pos": [28, 14]}, "29;14": {"type": "stone", "variant": 4, "pos": [29, 14]}, "29;13": {"type": "stone", "variant": 2, "pos": [29, 13]}, "32;13": {"type": "stone", "variant": 0, "pos": [32, 13]}, "32;14": {"type": "stone", "variant": 6, "pos": [32, 14]}, "33;14": {"type": "stone", "variant": 4, "pos": [33, 14]}, "33;13": {"type": "stone", "variant": 2, "pos": [33, 13]}, "35;11": {"type": "grass", "variant": 0, "pos": [35, 11]}, "36;11": {"type": "grass", "variant": 1, "pos": [36, 11]}, "35;12": {"type": "grass", "variant": 6, "pos": [35, 12]}, "36;12": {"type": "grass", "variant": 5, "pos": [36, 12]}, "37;11": {"type": "grass", "variant": 8, "pos": [37, 11]}, "37;10": {"type": "grass", "variant": 0, "pos": [37, 10]}, "38;10": {"type": "grass", "variant": 8, "pos": [38, 10]}, "39;10": {"type": "grass", "variant": 8, "pos": [39, 10]}, "38;11": {"type": "grass", "variant": 8, "pos": [38, 11]}, "39;9": {"type": "grass", "variant": 1, "pos": [39, 9]}, "40;9": {"type": "grass", "variant": 8, "pos": [40, 9]}, "38;9": {"type": "grass", "variant": 0, "pos": [38, 9]}, "41;9": {"type": "grass", "variant": 8, "pos": [41, 9]}, "41;10": {"type": "grass", "variant": 8, "pos": [41, 10]}, "40;10": {"type": "grass", "variant": 8, "pos": [40, 10]}, "40;11": {"type": "grass", "variant": 8, "pos": [40, 11]}, "39;11": {"type": "grass", "variant": 8, "pos": [39, 11]}, "41;11": {"type": "grass", "variant": 8, "pos": [41, 11]}, "40;8": {"type": "grass", "variant": 0, "pos": [40, 8]}, "41;8": {"type": "grass", "variant": 1, "pos": [41, 8]}, "42;8": {"type": "grass", "variant": 1, "pos": [42, 8]}, "43;8": {"type": "grass", "variant": 1, "pos": [43, 8]}, "43;9": {"type": "grass", "variant": 8, "pos": [43, 9]}, "44;9": {"type": "grass", "variant": 8, "pos": [44, 9]}, "45;9": {"type": "grass", "variant": 8, "pos": [45, 9]}, "45;10": {"type": "grass", "variant": 8, "pos": [45, 10]}, "44;11": {"type": "grass", "variant": 5, "pos": [44, 11]}, "43;11": {"type": "grass", "variant": 5, "pos": [43, 11]}, "43;10": {"type": "grass", "variant": 8, "pos": [43, 10]}, "42;9": {"type": "grass", "variant": 8, "pos": [42, 9]}, "44;10": {"type": "grass", "variant": 8, "pos": [44, 10]}, "42;11": {"type": "grass", "variant": 8, "pos": [42, 11]}, "42;10": {"type": "grass", "variant": 8, "pos": [42, 10]}, "45;11": {"type": "grass", "variant": 4, "pos": [45, 11]}, "44;8": {"type": "grass", "variant": 1, "pos": [44, 8]}, "45;8": {"type": "grass", "variant": 1, "pos": [45, 8]}, "46;8": {"type": "grass", "variant": 1, "pos": [46, 8]}, "47;8": {"type": "grass", "variant": 1, "pos": [47, 8]}, "47;9": {"type": "grass", "variant": 8, "pos": [47, 9]}, "46;9": {"type": "grass", "variant": 8, "pos": [46, 9]}, "46;10": {"type": "grass", "variant": 5, "pos": [46, 10]}, "47;10": {"type": "grass", "variant": 4, "pos": [47, 10]}, "48;9": {"type": "grass", "variant": 4, "pos": [48, 9]}, "48;8": {"type": "grass", "variant": 2, "pos": [48, 8]}, "37;12": {"type": "grass", "variant": 5, "pos": [37, 12]}, "38;12": {"type": "grass", "variant": 5, "pos": [38, 12]}, "39;12": {"type": "grass", "variant": 5, "pos": [39, 12]}, "40;12": {"type": "grass", "variant": 5, "pos": [40, 12]}, "41;12": {"type": "grass", "variant": 5, "pos": [41, 12]}, "42;12": {"type": "grass", "variant": 4, "pos": [42, 12]}, "33;16": {"type": "border", "variant": 1, "pos": [33, 16]}, "38;16": {"type": "border", "variant": 1, "pos": [38, 16]}, "43;16": {"type": "border", "variant": 1, "pos": [43, 16]}, "48;16": {"type": "border", "variant": 1, "pos": [48, 16]}, "52;14": {"type": "border", "variant": 0, "pos": [52, 14]}, "52;9": {"type": "border", "variant": 0, "pos": [52, 9]}, "52;4": {"type": "border", "variant": 0, "pos": [52, 4]}, "52;0": {"type": "border", "variant": 0, "pos": [52, 0]}}, "tile_size": 16, "offgrid": [{"type": "spawners", "variant": 0, "pos": [100.25, 109.5]}, {"type": "spawners", "variant": 1, "pos": [354.25, 42.0]}, {"type": "spawners", "variant": 1, "pos": [292.25, 41.75]}, {"type": "large_decor", "variant": 2, "pos": [45.25, 86.75]}, {"type": "large_decor", "variant": 2, "pos": [321.5, 20.0]}, {"type": "large_decor", "variant": 1, "pos": [314.25, 52.5]}, {"type": "large_decor", "variant": 1, "pos": [117.75, 116.25]}, {"type": "decor", "variant": 0, "pos": [60.5, 112.75]}, {"type": "decor", "variant": 1, "pos": [75.0, 113.0]}, {"type": "decor", "variant": 2, "pos": [300.25, 49.5]}, {"type": "decor", "variant": 2, "pos": [340.25, 49.25]}, {"type": "spawners", "variant": 1, "pos": [277.75, 155.5]}, {"type": "large_decor", "variant": 0, "pos": [333.0, 167.25]}, {"type": "decor", "variant": 3, "pos": [256.5, 176.0]}, {"type": "spawners", "variant": 1, "pos": [758.75, 108.0]}, {"type": "spawners", "variant": 1, "pos": [654.25, 103.25]}, {"type": "spawners", "variant": 1, "pos": [712.0, 103.0]}, {"type": "large_decor", "variant": 2, "pos": [758.75, 86.5]}, {"type": "large_decor", "variant": 2, "pos": [564.0, 133.0]}, {"type": "large_decor", "variant": 0, "pos": [655.5, 120.0]}, {"type": "large_decor", "variant": 1, "pos": [747.5, 117.75]}, {"type": "large_decor", "variant": 1, "pos": [567.5, 164.5]}, {"type": "decor", "variant": 0, "pos": [735.25, 112.0]}]}