{"tilemap": {"8;9": {"type": "grass", "variant": 8, "pos": [8, 9]}, "8;8": {"type": "grass", "variant": 1, "pos": [8, 8]}, "7;8": {"type": "grass", "variant": 1, "pos": [7, 8]}, "9;8": {"type": "grass", "variant": 1, "pos": [9, 8]}, "9;9": {"type": "grass", "variant": 8, "pos": [9, 9]}, "10;9": {"type": "grass", "variant": 3, "pos": [10, 9]}, "7;9": {"type": "grass", "variant": 8, "pos": [7, 9]}, "6;9": {"type": "grass", "variant": 6, "pos": [6, 9]}, "10;8": {"type": "grass", "variant": 2, "pos": [10, 8]}, "9;10": {"type": "grass", "variant": 8, "pos": [9, 10]}, "10;10": {"type": "grass", "variant": 3, "pos": [10, 10]}, "8;10": {"type": "grass", "variant": 5, "pos": [8, 10]}, "7;10": {"type": "grass", "variant": 6, "pos": [7, 10]}, "10;11": {"type": "grass", "variant": 4, "pos": [10, 11]}, "9;11": {"type": "grass", "variant": 6, "pos": [9, 11]}, "6;8": {"type": "grass", "variant": 0, "pos": [6, 8]}, "-2;11": {"type": "border", "variant": 0, "pos": [-2, 11]}, "-2;7": {"type": "border", "variant": 0, "pos": [-2, 7]}, "-2;3": {"type": "border", "variant": 0, "pos": [-2, 3]}, "6;16": {"type": "border", "variant": 1, "pos": [6, 16]}, "12;16": {"type": "border", "variant": 1, "pos": [12, 16]}, "18;16": {"type": "border", "variant": 1, "pos": [18, 16]}, "24;16": {"type": "border", "variant": 1, "pos": [24, 16]}, "19;8": {"type": "grass", "variant": 0, "pos": [19, 8]}, "19;9": {"type": "grass", "variant": 7, "pos": [19, 9]}, "19;10": {"type": "grass", "variant": 7, "pos": [19, 10]}, "19;11": {"type": "grass", "variant": 6, "pos": [19, 11]}, "20;11": {"type": "grass", "variant": 4, "pos": [20, 11]}, "20;10": {"type": "grass", "variant": 8, "pos": [20, 10]}, "20;9": {"type": "grass", "variant": 8, "pos": [20, 9]}, "20;8": {"type": "grass", "variant": 1, "pos": [20, 8]}, "21;8": {"type": "grass", "variant": 1, "pos": [21, 8]}, "21;9": {"type": "grass", "variant": 8, "pos": [21, 9]}, "22;9": {"type": "grass", "variant": 8, "pos": [22, 9]}, "22;10": {"type": "grass", "variant": 5, "pos": [22, 10]}, "21;10": {"type": "grass", "variant": 5, "pos": [21, 10]}, "23;9": {"type": "grass", "variant": 8, "pos": [23, 9]}, "23;8": {"type": "grass", "variant": 1, "pos": [23, 8]}, "24;9": {"type": "grass", "variant": 4, "pos": [24, 9]}, "22;8": {"type": "grass", "variant": 1, "pos": [22, 8]}, "23;10": {"type": "grass", "variant": 4, "pos": [23, 10]}, "24;8": {"type": "grass", "variant": 2, "pos": [24, 8]}, "33;8": {"type": "grass", "variant": 0, "pos": [33, 8]}, "33;9": {"type": "grass", "variant": 7, "pos": [33, 9]}, "33;10": {"type": "grass", "variant": 7, "pos": [33, 10]}, "33;11": {"type": "grass", "variant": 6, "pos": [33, 11]}, "34;11": {"type": "grass", "variant": 4, "pos": [34, 11]}, "34;10": {"type": "grass", "variant": 8, "pos": [34, 10]}, "34;9": {"type": "grass", "variant": 8, "pos": [34, 9]}, "34;8": {"type": "grass", "variant": 1, "pos": [34, 8]}, "35;8": {"type": "grass", "variant": 1, "pos": [35, 8]}, "36;8": {"type": "grass", "variant": 1, "pos": [36, 8]}, "35;9": {"type": "grass", "variant": 8, "pos": [35, 9]}, "35;10": {"type": "grass", "variant": 5, "pos": [35, 10]}, "36;10": {"type": "grass", "variant": 5, "pos": [36, 10]}, "36;9": {"type": "grass", "variant": 8, "pos": [36, 9]}, "37;9": {"type": "grass", "variant": 3, "pos": [37, 9]}, "37;10": {"type": "grass", "variant": 4, "pos": [37, 10]}, "37;8": {"type": "grass", "variant": 2, "pos": [37, 8]}, "36;5": {"type": "grass", "variant": 6, "pos": [36, 5]}, "36;4": {"type": "grass", "variant": 0, "pos": [36, 4]}, "37;3": {"type": "grass", "variant": 7, "pos": [37, 3]}, "37;2": {"type": "grass", "variant": 7, "pos": [37, 2]}, "37;1": {"type": "grass", "variant": 7, "pos": [37, 1]}, "37;0": {"type": "grass", "variant": 8, "pos": [37, 0]}, "36;0": {"type": "grass", "variant": 6, "pos": [36, 0]}, "36;-1": {"type": "grass", "variant": 0, "pos": [36, -1]}, "33;2": {"type": "grass", "variant": 4, "pos": [33, 2]}, "33;1": {"type": "grass", "variant": 2, "pos": [33, 1]}, "32;1": {"type": "grass", "variant": 8, "pos": [32, 1]}, "32;0": {"type": "grass", "variant": 3, "pos": [32, 0]}, "32;-1": {"type": "grass", "variant": 3, "pos": [32, -1]}, "32;-2": {"type": "grass", "variant": 3, "pos": [32, -2]}, "32;-3": {"type": "grass", "variant": 8, "pos": [32, -3]}, "33;-3": {"type": "grass", "variant": 4, "pos": [33, -3]}, "33;-4": {"type": "grass", "variant": 3, "pos": [33, -4]}, "33;-5": {"type": "grass", "variant": 2, "pos": [33, -5]}, "36;-5": {"type": "grass", "variant": 0, "pos": [36, -5]}, "37;-5": {"type": "grass", "variant": 1, "pos": [37, -5]}, "38;-5": {"type": "grass", "variant": 1, "pos": [38, -5]}, "39;-5": {"type": "grass", "variant": 2, "pos": [39, -5]}, "32;-5": {"type": "grass", "variant": 1, "pos": [32, -5]}, "32;-4": {"type": "grass", "variant": 8, "pos": [32, -4]}, "37;-4": {"type": "grass", "variant": 7, "pos": [37, -4]}, "38;-3": {"type": "grass", "variant": 8, "pos": [38, -3]}, "38;-2": {"type": "grass", "variant": 8, "pos": [38, -2]}, "39;-3": {"type": "grass", "variant": 3, "pos": [39, -3]}, "39;-4": {"type": "grass", "variant": 3, "pos": [39, -4]}, "38;-4": {"type": "grass", "variant": 8, "pos": [38, -4]}, "37;-3": {"type": "grass", "variant": 7, "pos": [37, -3]}, "37;-2": {"type": "grass", "variant": 7, "pos": [37, -2]}, "38;-1": {"type": "grass", "variant": 8, "pos": [38, -1]}, "39;-1": {"type": "grass", "variant": 3, "pos": [39, -1]}, "39;-2": {"type": "grass", "variant": 3, "pos": [39, -2]}, "37;-1": {"type": "grass", "variant": 8, "pos": [37, -1]}, "31;-5": {"type": "grass", "variant": 0, "pos": [31, -5]}, "31;-4": {"type": "grass", "variant": 7, "pos": [31, -4]}, "31;-3": {"type": "grass", "variant": 7, "pos": [31, -3]}, "31;-2": {"type": "grass", "variant": 7, "pos": [31, -2]}, "31;-1": {"type": "grass", "variant": 7, "pos": [31, -1]}, "31;0": {"type": "grass", "variant": 7, "pos": [31, 0]}, "31;1": {"type": "grass", "variant": 7, "pos": [31, 1]}, "31;2": {"type": "grass", "variant": 6, "pos": [31, 2]}, "32;2": {"type": "grass", "variant": 5, "pos": [32, 2]}, "37;5": {"type": "grass", "variant": 5, "pos": [37, 5]}, "37;4": {"type": "grass", "variant": 8, "pos": [37, 4]}, "38;3": {"type": "grass", "variant": 8, "pos": [38, 3]}, "38;2": {"type": "grass", "variant": 8, "pos": [38, 2]}, "38;1": {"type": "grass", "variant": 8, "pos": [38, 1]}, "38;0": {"type": "grass", "variant": 8, "pos": [38, 0]}, "39;0": {"type": "grass", "variant": 3, "pos": [39, 0]}, "39;1": {"type": "grass", "variant": 3, "pos": [39, 1]}, "39;2": {"type": "grass", "variant": 3, "pos": [39, 2]}, "39;3": {"type": "grass", "variant": 4, "pos": [39, 3]}, "38;4": {"type": "grass", "variant": 3, "pos": [38, 4]}, "38;5": {"type": "grass", "variant": 4, "pos": [38, 5]}, "44;-5": {"type": "grass", "variant": 0, "pos": [44, -5]}, "45;-4": {"type": "grass", "variant": 8, "pos": [45, -4]}, "45;-3": {"type": "grass", "variant": 4, "pos": [45, -3]}, "46;-4": {"type": "grass", "variant": 4, "pos": [46, -4]}, "46;-5": {"type": "grass", "variant": 2, "pos": [46, -5]}, "45;-5": {"type": "grass", "variant": 1, "pos": [45, -5]}, "44;-4": {"type": "grass", "variant": 7, "pos": [44, -4]}, "44;-3": {"type": "grass", "variant": 6, "pos": [44, -3]}, "50;-6": {"type": "stone", "variant": 0, "pos": [50, -6]}, "50;-5": {"type": "stone", "variant": 6, "pos": [50, -5]}, "51;-5": {"type": "stone", "variant": 4, "pos": [51, -5]}, "51;-6": {"type": "stone", "variant": 8, "pos": [51, -6]}, "51;-7": {"type": "stone", "variant": 0, "pos": [51, -7]}, "52;-7": {"type": "stone", "variant": 8, "pos": [52, -7]}, "52;-8": {"type": "stone", "variant": 0, "pos": [52, -8]}, "53;-7": {"type": "stone", "variant": 8, "pos": [53, -7]}, "53;-6": {"type": "stone", "variant": 5, "pos": [53, -6]}, "54;-7": {"type": "stone", "variant": 8, "pos": [54, -7]}, "55;-7": {"type": "stone", "variant": 8, "pos": [55, -7]}, "54;-6": {"type": "stone", "variant": 5, "pos": [54, -6]}, "52;-6": {"type": "stone", "variant": 5, "pos": [52, -6]}, "53;-8": {"type": "stone", "variant": 1, "pos": [53, -8]}, "54;-8": {"type": "stone", "variant": 1, "pos": [54, -8]}, "55;-8": {"type": "stone", "variant": 2, "pos": [55, -8]}, "56;-7": {"type": "stone", "variant": 2, "pos": [56, -7]}, "56;-6": {"type": "stone", "variant": 4, "pos": [56, -6]}, "55;-6": {"type": "stone", "variant": 5, "pos": [55, -6]}}, "tile_size": 16, "offgrid": [{"type": "spawners", "variant": 0, "pos": [100.25, 109.5]}, {"type": "large_decor", "variant": 2, "pos": [153.5, 85.75]}, {"type": "large_decor", "variant": 1, "pos": [119.75, 116.25]}, {"type": "decor", "variant": 0, "pos": [150.25, 113.75]}, {"type": "decor", "variant": 1, "pos": [163.25, 112.75]}, {"type": "spawners", "variant": 1, "pos": [529.75, -2.25]}, {"type": "spawners", "variant": 1, "pos": [577.0, 44.0]}, {"type": "spawners", "variant": 1, "pos": [577.5, -34.75]}, {"type": "spawners", "variant": 1, "pos": [617.0, -99.5]}, {"type": "spawners", "variant": 2, "pos": [372.25, 79.25]}, {"type": "spawners", "variant": 2, "pos": [323.0, 51.0]}, {"type": "spawners", "variant": 3, "pos": [862.5, -161.25]}, {"type": "spawners", "variant": 2, "pos": [719.25, -171.25]}, {"type": "decor", "variant": 0, "pos": [314.75, 114.0]}, {"type": "decor", "variant": 2, "pos": [372.75, 113.25]}, {"type": "decor", "variant": 3, "pos": [344.5, 113.0]}, {"type": "large_decor", "variant": 0, "pos": [536.75, 120.75]}, {"type": "large_decor", "variant": 1, "pos": [555.25, 116.25]}, {"type": "large_decor", "variant": 2, "pos": [495.0, -118.5]}, {"type": "large_decor", "variant": 2, "pos": [594.0, -119.75]}, {"type": "large_decor", "variant": 0, "pos": [583.0, -87.75]}, {"type": "large_decor", "variant": 1, "pos": [715.25, -87.0]}, {"type": "decor", "variant": 0, "pos": [702.75, -94.75]}, {"type": "decor", "variant": 2, "pos": [723.75, -96.25]}, {"type": "decor", "variant": 2, "pos": [522.0, -95.25]}]}