{"tilemap": {"8;9": {"type": "grass", "variant": 8, "pos": [8, 9]}, "8;8": {"type": "grass", "variant": 1, "pos": [8, 8]}, "7;8": {"type": "grass", "variant": 1, "pos": [7, 8]}, "9;8": {"type": "grass", "variant": 1, "pos": [9, 8]}, "9;9": {"type": "grass", "variant": 8, "pos": [9, 9]}, "10;9": {"type": "grass", "variant": 3, "pos": [10, 9]}, "7;9": {"type": "grass", "variant": 8, "pos": [7, 9]}, "6;9": {"type": "grass", "variant": 6, "pos": [6, 9]}, "10;8": {"type": "grass", "variant": 2, "pos": [10, 8]}, "9;10": {"type": "grass", "variant": 8, "pos": [9, 10]}, "10;10": {"type": "grass", "variant": 3, "pos": [10, 10]}, "8;10": {"type": "grass", "variant": 5, "pos": [8, 10]}, "7;10": {"type": "grass", "variant": 6, "pos": [7, 10]}, "10;11": {"type": "grass", "variant": 4, "pos": [10, 11]}, "9;11": {"type": "grass", "variant": 6, "pos": [9, 11]}, "6;8": {"type": "grass", "variant": 0, "pos": [6, 8]}, "-2;11": {"type": "border", "variant": 0, "pos": [-2, 11]}, "-2;7": {"type": "border", "variant": 0, "pos": [-2, 7]}, "-2;3": {"type": "border", "variant": 0, "pos": [-2, 3]}, "6;16": {"type": "border", "variant": 1, "pos": [6, 16]}, "12;16": {"type": "border", "variant": 1, "pos": [12, 16]}, "18;16": {"type": "border", "variant": 1, "pos": [18, 16]}, "24;16": {"type": "border", "variant": 1, "pos": [24, 16]}, "13;7": {"type": "grass", "variant": 6, "pos": [13, 7]}, "13;6": {"type": "grass", "variant": 7, "pos": [13, 6]}, "13;5": {"type": "grass", "variant": 7, "pos": [13, 5]}, "13;4": {"type": "grass", "variant": 7, "pos": [13, 4]}, "13;3": {"type": "grass", "variant": 0, "pos": [13, 3]}, "13;0": {"type": "grass", "variant": 6, "pos": [13, 0]}, "13;-1": {"type": "grass", "variant": 7, "pos": [13, -1]}, "13;-2": {"type": "grass", "variant": 0, "pos": [13, -2]}, "10;4": {"type": "grass", "variant": 4, "pos": [10, 4]}, "10;3": {"type": "grass", "variant": 3, "pos": [10, 3]}, "10;2": {"type": "grass", "variant": 3, "pos": [10, 2]}, "10;1": {"type": "grass", "variant": 3, "pos": [10, 1]}, "10;0": {"type": "grass", "variant": 3, "pos": [10, 0]}, "10;-1": {"type": "grass", "variant": 3, "pos": [10, -1]}, "10;-2": {"type": "grass", "variant": 3, "pos": [10, -2]}, "10;-3": {"type": "grass", "variant": 2, "pos": [10, -3]}, "9;3": {"type": "grass", "variant": 7, "pos": [9, 3]}, "9;2": {"type": "grass", "variant": 7, "pos": [9, 2]}, "9;1": {"type": "grass", "variant": 7, "pos": [9, 1]}, "9;0": {"type": "grass", "variant": 7, "pos": [9, 0]}, "9;-1": {"type": "grass", "variant": 7, "pos": [9, -1]}, "9;-2": {"type": "grass", "variant": 7, "pos": [9, -2]}, "9;-3": {"type": "grass", "variant": 0, "pos": [9, -3]}, "9;4": {"type": "grass", "variant": 6, "pos": [9, 4]}, "14;7": {"type": "grass", "variant": 4, "pos": [14, 7]}, "14;6": {"type": "grass", "variant": 3, "pos": [14, 6]}, "14;5": {"type": "grass", "variant": 8, "pos": [14, 5]}, "14;4": {"type": "grass", "variant": 8, "pos": [14, 4]}, "14;3": {"type": "grass", "variant": 1, "pos": [14, 3]}, "14;-1": {"type": "grass", "variant": 5, "pos": [14, -1]}, "14;-2": {"type": "grass", "variant": 1, "pos": [14, -2]}, "17;-1": {"type": "grass", "variant": 8, "pos": [17, -1]}, "16;-1": {"type": "grass", "variant": 5, "pos": [16, -1]}, "15;-1": {"type": "grass", "variant": 8, "pos": [15, -1]}, "16;-2": {"type": "grass", "variant": 1, "pos": [16, -2]}, "17;-2": {"type": "grass", "variant": 1, "pos": [17, -2]}, "18;-2": {"type": "grass", "variant": 1, "pos": [18, -2]}, "19;-2": {"type": "grass", "variant": 1, "pos": [19, -2]}, "19;-1": {"type": "grass", "variant": 8, "pos": [19, -1]}, "18;-1": {"type": "grass", "variant": 5, "pos": [18, -1]}, "15;-2": {"type": "grass", "variant": 1, "pos": [15, -2]}, "19;0": {"type": "grass", "variant": 5, "pos": [19, 0]}, "15;3": {"type": "grass", "variant": 1, "pos": [15, 3]}, "16;3": {"type": "grass", "variant": 1, "pos": [16, 3]}, "17;3": {"type": "grass", "variant": 1, "pos": [17, 3]}, "18;3": {"type": "grass", "variant": 1, "pos": [18, 3]}, "19;3": {"type": "grass", "variant": 1, "pos": [19, 3]}, "20;3": {"type": "grass", "variant": 1, "pos": [20, 3]}, "21;3": {"type": "grass", "variant": 1, "pos": [21, 3]}, "21;4": {"type": "grass", "variant": 8, "pos": [21, 4]}, "20;4": {"type": "grass", "variant": 8, "pos": [20, 4]}, "19;4": {"type": "grass", "variant": 8, "pos": [19, 4]}, "18;5": {"type": "grass", "variant": 5, "pos": [18, 5]}, "17;5": {"type": "grass", "variant": 5, "pos": [17, 5]}, "16;5": {"type": "grass", "variant": 5, "pos": [16, 5]}, "15;5": {"type": "grass", "variant": 5, "pos": [15, 5]}, "15;4": {"type": "grass", "variant": 8, "pos": [15, 4]}, "16;4": {"type": "grass", "variant": 8, "pos": [16, 4]}, "17;4": {"type": "grass", "variant": 8, "pos": [17, 4]}, "18;4": {"type": "grass", "variant": 8, "pos": [18, 4]}, "19;5": {"type": "grass", "variant": 5, "pos": [19, 5]}, "20;5": {"type": "grass", "variant": 5, "pos": [20, 5]}, "21;5": {"type": "grass", "variant": 5, "pos": [21, 5]}, "22;5": {"type": "grass", "variant": 5, "pos": [22, 5]}, "22;4": {"type": "grass", "variant": 8, "pos": [22, 4]}, "22;3": {"type": "grass", "variant": 1, "pos": [22, 3]}, "23;-1": {"type": "grass", "variant": 8, "pos": [23, -1]}, "22;-1": {"type": "grass", "variant": 5, "pos": [22, -1]}, "22;-2": {"type": "grass", "variant": 1, "pos": [22, -2]}, "21;-2": {"type": "grass", "variant": 1, "pos": [21, -2]}, "20;-2": {"type": "grass", "variant": 1, "pos": [20, -2]}, "20;-1": {"type": "grass", "variant": 5, "pos": [20, -1]}, "21;-1": {"type": "grass", "variant": 8, "pos": [21, -1]}, "23;-2": {"type": "grass", "variant": 1, "pos": [23, -2]}, "24;-2": {"type": "grass", "variant": 2, "pos": [24, -2]}, "24;-1": {"type": "grass", "variant": 3, "pos": [24, -1]}, "24;0": {"type": "grass", "variant": 4, "pos": [24, 0]}, "23;3": {"type": "grass", "variant": 1, "pos": [23, 3]}, "24;4": {"type": "grass", "variant": 8, "pos": [24, 4]}, "25;4": {"type": "grass", "variant": 8, "pos": [25, 4]}, "26;4": {"type": "grass", "variant": 8, "pos": [26, 4]}, "25;5": {"type": "grass", "variant": 5, "pos": [25, 5]}, "24;5": {"type": "grass", "variant": 5, "pos": [24, 5]}, "23;5": {"type": "grass", "variant": 5, "pos": [23, 5]}, "23;4": {"type": "grass", "variant": 8, "pos": [23, 4]}, "25;3": {"type": "grass", "variant": 1, "pos": [25, 3]}, "26;3": {"type": "grass", "variant": 1, "pos": [26, 3]}, "24;3": {"type": "grass", "variant": 1, "pos": [24, 3]}, "26;5": {"type": "grass", "variant": 5, "pos": [26, 5]}, "27;5": {"type": "grass", "variant": 5, "pos": [27, 5]}, "27;3": {"type": "grass", "variant": 8, "pos": [27, 3]}, "27;4": {"type": "grass", "variant": 8, "pos": [27, 4]}, "27;2": {"type": "grass", "variant": 7, "pos": [27, 2]}, "27;1": {"type": "grass", "variant": 7, "pos": [27, 1]}, "27;0": {"type": "grass", "variant": 7, "pos": [27, 0]}, "27;-1": {"type": "grass", "variant": 7, "pos": [27, -1]}, "27;-2": {"type": "grass", "variant": 7, "pos": [27, -2]}, "27;-3": {"type": "grass", "variant": 0, "pos": [27, -3]}, "28;-3": {"type": "grass", "variant": 2, "pos": [28, -3]}, "28;-2": {"type": "grass", "variant": 3, "pos": [28, -2]}, "28;-1": {"type": "grass", "variant": 3, "pos": [28, -1]}, "28;0": {"type": "grass", "variant": 3, "pos": [28, 0]}, "28;1": {"type": "grass", "variant": 3, "pos": [28, 1]}, "28;2": {"type": "grass", "variant": 3, "pos": [28, 2]}, "28;3": {"type": "grass", "variant": 3, "pos": [28, 3]}, "28;4": {"type": "grass", "variant": 3, "pos": [28, 4]}, "28;5": {"type": "grass", "variant": 4, "pos": [28, 5]}, "21;0": {"type": "grass", "variant": 5, "pos": [21, 0]}, "15;0": {"type": "grass", "variant": 5, "pos": [15, 0]}, "17;0": {"type": "grass", "variant": 5, "pos": [17, 0]}, "23;0": {"type": "grass", "variant": 6, "pos": [23, 0]}, "31;-4": {"type": "grass", "variant": 0, "pos": [31, -4]}, "31;-3": {"type": "grass", "variant": 7, "pos": [31, -3]}, "32;-3": {"type": "grass", "variant": 8, "pos": [32, -3]}, "32;-2": {"type": "grass", "variant": 5, "pos": [32, -2]}, "31;-2": {"type": "grass", "variant": 6, "pos": [31, -2]}, "32;-4": {"type": "grass", "variant": 1, "pos": [32, -4]}, "33;-4": {"type": "grass", "variant": 8, "pos": [33, -4]}, "34;-3": {"type": "grass", "variant": 8, "pos": [34, -3]}, "34;-4": {"type": "grass", "variant": 8, "pos": [34, -4]}, "35;-4": {"type": "grass", "variant": 8, "pos": [35, -4]}, "35;-5": {"type": "grass", "variant": 1, "pos": [35, -5]}, "36;-5": {"type": "grass", "variant": 8, "pos": [36, -5]}, "36;-6": {"type": "grass", "variant": 0, "pos": [36, -6]}, "37;-6": {"type": "grass", "variant": 1, "pos": [37, -6]}, "37;-5": {"type": "grass", "variant": 8, "pos": [37, -5]}, "34;-5": {"type": "grass", "variant": 1, "pos": [34, -5]}, "33;-5": {"type": "grass", "variant": 0, "pos": [33, -5]}, "34;-2": {"type": "grass", "variant": 4, "pos": [34, -2]}, "33;-3": {"type": "grass", "variant": 8, "pos": [33, -3]}, "35;-3": {"type": "grass", "variant": 4, "pos": [35, -3]}, "36;-4": {"type": "grass", "variant": 5, "pos": [36, -4]}, "37;-4": {"type": "grass", "variant": 5, "pos": [37, -4]}, "38;-4": {"type": "grass", "variant": 4, "pos": [38, -4]}, "33;-2": {"type": "grass", "variant": 5, "pos": [33, -2]}, "38;-5": {"type": "grass", "variant": 3, "pos": [38, -5]}, "38;-6": {"type": "grass", "variant": 2, "pos": [38, -6]}, "42;-6": {"type": "grass", "variant": 0, "pos": [42, -6]}, "43;-6": {"type": "grass", "variant": 1, "pos": [43, -6]}, "44;-6": {"type": "grass", "variant": 2, "pos": [44, -6]}, "44;-5": {"type": "grass", "variant": 8, "pos": [44, -5]}, "45;-5": {"type": "grass", "variant": 1, "pos": [45, -5]}, "46;-5": {"type": "grass", "variant": 2, "pos": [46, -5]}, "46;-4": {"type": "grass", "variant": 4, "pos": [46, -4]}, "45;-4": {"type": "grass", "variant": 5, "pos": [45, -4]}, "44;-4": {"type": "grass", "variant": 6, "pos": [44, -4]}, "43;-5": {"type": "grass", "variant": 5, "pos": [43, -5]}, "42;-5": {"type": "grass", "variant": 6, "pos": [42, -5]}, "54;-6": {"type": "grass", "variant": 1, "pos": [54, -6]}, "55;-6": {"type": "grass", "variant": 1, "pos": [55, -6]}, "55;-5": {"type": "grass", "variant": 8, "pos": [55, -5]}, "56;-5": {"type": "grass", "variant": 8, "pos": [56, -5]}, "55;-4": {"type": "grass", "variant": 5, "pos": [55, -4]}, "54;-4": {"type": "grass", "variant": 5, "pos": [54, -4]}, "53;-4": {"type": "grass", "variant": 6, "pos": [53, -4]}, "54;-5": {"type": "grass", "variant": 8, "pos": [54, -5]}, "53;-5": {"type": "grass", "variant": 7, "pos": [53, -5]}, "53;-6": {"type": "grass", "variant": 0, "pos": [53, -6]}, "57;-6": {"type": "grass", "variant": 8, "pos": [57, -6]}, "57;-7": {"type": "grass", "variant": 0, "pos": [57, -7]}, "57;-5": {"type": "grass", "variant": 8, "pos": [57, -5]}, "56;-6": {"type": "grass", "variant": 1, "pos": [56, -6]}, "58;-5": {"type": "grass", "variant": 8, "pos": [58, -5]}, "59;-5": {"type": "grass", "variant": 3, "pos": [59, -5]}, "59;-4": {"type": "grass", "variant": 4, "pos": [59, -4]}, "58;-4": {"type": "grass", "variant": 5, "pos": [58, -4]}, "57;-4": {"type": "grass", "variant": 5, "pos": [57, -4]}, "58;-6": {"type": "grass", "variant": 8, "pos": [58, -6]}, "59;-6": {"type": "grass", "variant": 3, "pos": [59, -6]}, "58;-7": {"type": "grass", "variant": 1, "pos": [58, -7]}, "59;-7": {"type": "grass", "variant": 2, "pos": [59, -7]}, "56;-4": {"type": "grass", "variant": 5, "pos": [56, -4]}, "62;-7": {"type": "grass", "variant": 0, "pos": [62, -7]}, "65;-7": {"type": "grass", "variant": 0, "pos": [65, -7]}, "67;-7": {"type": "grass", "variant": 0, "pos": [67, -7]}, "69;-7": {"type": "grass", "variant": 0, "pos": [69, -7]}, "74;-7": {"type": "grass", "variant": 0, "pos": [74, -7]}, "79;-7": {"type": "grass", "variant": 0, "pos": [79, -7]}, "83;-6": {"type": "grass", "variant": 6, "pos": [83, -6]}, "83;-7": {"type": "grass", "variant": 0, "pos": [83, -7]}, "84;-8": {"type": "grass", "variant": 0, "pos": [84, -8]}, "85;-8": {"type": "grass", "variant": 2, "pos": [85, -8]}, "85;-7": {"type": "grass", "variant": 8, "pos": [85, -7]}, "86;-7": {"type": "grass", "variant": 2, "pos": [86, -7]}, "86;-6": {"type": "grass", "variant": 4, "pos": [86, -6]}, "85;-6": {"type": "grass", "variant": 5, "pos": [85, -6]}, "84;-6": {"type": "grass", "variant": 5, "pos": [84, -6]}, "84;-7": {"type": "grass", "variant": 8, "pos": [84, -7]}, "93;-12": {"type": "border", "variant": 0, "pos": [93, -12]}, "93;-7": {"type": "border", "variant": 0, "pos": [93, -7]}, "93;-1": {"type": "border", "variant": 0, "pos": [93, -1]}, "93;5": {"type": "border", "variant": 0, "pos": [93, 5]}, "36;14": {"type": "border", "variant": 1, "pos": [36, 14]}, "41;14": {"type": "border", "variant": 1, "pos": [41, 14]}, "47;14": {"type": "border", "variant": 1, "pos": [47, 14]}, "52;14": {"type": "border", "variant": 1, "pos": [52, 14]}, "46;10": {"type": "border", "variant": 1, "pos": [46, 10]}, "52;10": {"type": "border", "variant": 1, "pos": [52, 10]}, "58;10": {"type": "border", "variant": 1, "pos": [58, 10]}, "64;10": {"type": "border", "variant": 1, "pos": [64, 10]}, "69;6": {"type": "border", "variant": 1, "pos": [69, 6]}, "74;6": {"type": "border", "variant": 1, "pos": [74, 6]}, "80;6": {"type": "border", "variant": 1, "pos": [80, 6]}, "85;6": {"type": "border", "variant": 1, "pos": [85, 6]}, "29;15": {"type": "border", "variant": 1, "pos": [29, 15]}, "-2;-1": {"type": "border", "variant": 0, "pos": [-2, -1]}, "-2;-5": {"type": "border", "variant": 0, "pos": [-2, -5]}, "-2;-10": {"type": "border", "variant": 0, "pos": [-2, -10]}}, "tile_size": 16, "offgrid": [{"type": "spawners", "variant": 0, "pos": [100.25, 109.5]}, {"type": "large_decor", "variant": 2, "pos": [153.5, 85.75]}, {"type": "large_decor", "variant": 1, "pos": [119.75, 116.25]}, {"type": "decor", "variant": 0, "pos": [150.25, 113.75]}, {"type": "decor", "variant": 1, "pos": [163.25, 112.75]}, {"type": "spawners", "variant": 2, "pos": [224.0, 0.75]}, {"type": "spawners", "variant": 2, "pos": [256.75, 1.25]}, {"type": "spawners", "variant": 2, "pos": [290.0, 1.0]}, {"type": "spawners", "variant": 2, "pos": [319.5, 0.0]}, {"type": "spawners", "variant": 2, "pos": [352.75, 1.0]}, {"type": "spawners", "variant": 1, "pos": [378.75, -53.0]}, {"type": "spawners", "variant": 3, "pos": [334.0, -66.0]}, {"type": "spawners", "variant": 1, "pos": [154.75, -68.25]}, {"type": "spawners", "variant": 1, "pos": [1365.75, -148.75]}, {"type": "spawners", "variant": 1, "pos": [931.5, -134.0]}, {"type": "spawners", "variant": 2, "pos": [884.0, -174.5]}, {"type": "spawners", "variant": 2, "pos": [706.25, -176.75]}, {"type": "spawners", "variant": 3, "pos": [582.0, -132.75]}, {"type": "spawners", "variant": 2, "pos": [534.5, -169.0]}]}