{"tilemap": {"8;9": {"type": "grass", "variant": 8, "pos": [8, 9]}, "8;8": {"type": "grass", "variant": 1, "pos": [8, 8]}, "7;8": {"type": "grass", "variant": 1, "pos": [7, 8]}, "9;8": {"type": "grass", "variant": 1, "pos": [9, 8]}, "9;9": {"type": "grass", "variant": 8, "pos": [9, 9]}, "10;9": {"type": "grass", "variant": 8, "pos": [10, 9]}, "7;9": {"type": "grass", "variant": 8, "pos": [7, 9]}, "6;9": {"type": "grass", "variant": 6, "pos": [6, 9]}, "10;8": {"type": "grass", "variant": 1, "pos": [10, 8]}, "9;10": {"type": "grass", "variant": 8, "pos": [9, 10]}, "10;10": {"type": "grass", "variant": 8, "pos": [10, 10]}, "8;10": {"type": "grass", "variant": 5, "pos": [8, 10]}, "7;10": {"type": "grass", "variant": 6, "pos": [7, 10]}, "10;11": {"type": "grass", "variant": 5, "pos": [10, 11]}, "9;11": {"type": "grass", "variant": 6, "pos": [9, 11]}, "6;8": {"type": "grass", "variant": 0, "pos": [6, 8]}, "-2;11": {"type": "border", "variant": 0, "pos": [-2, 11]}, "-2;7": {"type": "border", "variant": 0, "pos": [-2, 7]}, "-2;3": {"type": "border", "variant": 0, "pos": [-2, 3]}, "6;16": {"type": "border", "variant": 1, "pos": [6, 16]}, "12;16": {"type": "border", "variant": 1, "pos": [12, 16]}, "18;16": {"type": "border", "variant": 1, "pos": [18, 16]}, "24;16": {"type": "border", "variant": 1, "pos": [24, 16]}, "6;5": {"type": "stone", "variant": 6, "pos": [6, 5]}, "7;5": {"type": "stone", "variant": 5, "pos": [7, 5]}, "8;5": {"type": "stone", "variant": 5, "pos": [8, 5]}, "9;5": {"type": "stone", "variant": 5, "pos": [9, 5]}, "10;5": {"type": "stone", "variant": 4, "pos": [10, 5]}, "6;4": {"type": "stone", "variant": 7, "pos": [6, 4]}, "7;4": {"type": "stone", "variant": 8, "pos": [7, 4]}, "8;4": {"type": "stone", "variant": 8, "pos": [8, 4]}, "9;4": {"type": "stone", "variant": 8, "pos": [9, 4]}, "10;4": {"type": "stone", "variant": 3, "pos": [10, 4]}, "8;3": {"type": "stone", "variant": 8, "pos": [8, 3]}, "7;3": {"type": "stone", "variant": 8, "pos": [7, 3]}, "6;3": {"type": "stone", "variant": 7, "pos": [6, 3]}, "6;2": {"type": "stone", "variant": 0, "pos": [6, 2]}, "9;3": {"type": "stone", "variant": 8, "pos": [9, 3]}, "10;3": {"type": "stone", "variant": 8, "pos": [10, 3]}, "11;3": {"type": "stone", "variant": 5, "pos": [11, 3]}, "8;2": {"type": "stone", "variant": 1, "pos": [8, 2]}, "9;2": {"type": "stone", "variant": 1, "pos": [9, 2]}, "10;2": {"type": "stone", "variant": 1, "pos": [10, 2]}, "11;2": {"type": "stone", "variant": 1, "pos": [11, 2]}, "7;2": {"type": "stone", "variant": 1, "pos": [7, 2]}, "12;3": {"type": "stone", "variant": 8, "pos": [12, 3]}, "13;3": {"type": "stone", "variant": 8, "pos": [13, 3]}, "13;4": {"type": "stone", "variant": 3, "pos": [13, 4]}, "12;4": {"type": "stone", "variant": 7, "pos": [12, 4]}, "12;5": {"type": "stone", "variant": 6, "pos": [12, 5]}, "13;5": {"type": "stone", "variant": 4, "pos": [13, 5]}, "15;4": {"type": "stone", "variant": 7, "pos": [15, 4]}, "14;3": {"type": "stone", "variant": 5, "pos": [14, 3]}, "12;2": {"type": "stone", "variant": 1, "pos": [12, 2]}, "13;2": {"type": "stone", "variant": 1, "pos": [13, 2]}, "14;2": {"type": "stone", "variant": 1, "pos": [14, 2]}, "15;3": {"type": "stone", "variant": 8, "pos": [15, 3]}, "17;3": {"type": "stone", "variant": 5, "pos": [17, 3]}, "16;3": {"type": "stone", "variant": 8, "pos": [16, 3]}, "16;2": {"type": "stone", "variant": 1, "pos": [16, 2]}, "17;2": {"type": "stone", "variant": 1, "pos": [17, 2]}, "15;2": {"type": "stone", "variant": 1, "pos": [15, 2]}, "11;8": {"type": "grass", "variant": 1, "pos": [11, 8]}, "12;8": {"type": "grass", "variant": 1, "pos": [12, 8]}, "13;8": {"type": "grass", "variant": 1, "pos": [13, 8]}, "14;8": {"type": "grass", "variant": 1, "pos": [14, 8]}, "15;8": {"type": "grass", "variant": 1, "pos": [15, 8]}, "16;8": {"type": "grass", "variant": 1, "pos": [16, 8]}, "17;8": {"type": "grass", "variant": 1, "pos": [17, 8]}, "18;8": {"type": "grass", "variant": 1, "pos": [18, 8]}, "19;8": {"type": "grass", "variant": 1, "pos": [19, 8]}, "20;8": {"type": "grass", "variant": 1, "pos": [20, 8]}, "19;9": {"type": "grass", "variant": 8, "pos": [19, 9]}, "18;9": {"type": "grass", "variant": 8, "pos": [18, 9]}, "17;9": {"type": "grass", "variant": 8, "pos": [17, 9]}, "16;9": {"type": "grass", "variant": 8, "pos": [16, 9]}, "15;9": {"type": "grass", "variant": 8, "pos": [15, 9]}, "14;9": {"type": "grass", "variant": 8, "pos": [14, 9]}, "13;9": {"type": "grass", "variant": 8, "pos": [13, 9]}, "12;9": {"type": "grass", "variant": 8, "pos": [12, 9]}, "11;9": {"type": "grass", "variant": 8, "pos": [11, 9]}, "17;10": {"type": "grass", "variant": 8, "pos": [17, 10]}, "18;10": {"type": "grass", "variant": 8, "pos": [18, 10]}, "19;10": {"type": "grass", "variant": 8, "pos": [19, 10]}, "16;10": {"type": "grass", "variant": 8, "pos": [16, 10]}, "15;10": {"type": "grass", "variant": 8, "pos": [15, 10]}, "14;10": {"type": "grass", "variant": 8, "pos": [14, 10]}, "13;10": {"type": "grass", "variant": 8, "pos": [13, 10]}, "12;10": {"type": "grass", "variant": 8, "pos": [12, 10]}, "11;10": {"type": "grass", "variant": 8, "pos": [11, 10]}, "11;11": {"type": "grass", "variant": 5, "pos": [11, 11]}, "12;11": {"type": "grass", "variant": 5, "pos": [12, 11]}, "13;11": {"type": "grass", "variant": 5, "pos": [13, 11]}, "14;11": {"type": "grass", "variant": 5, "pos": [14, 11]}, "16;11": {"type": "grass", "variant": 5, "pos": [16, 11]}, "17;11": {"type": "grass", "variant": 5, "pos": [17, 11]}, "18;11": {"type": "grass", "variant": 5, "pos": [18, 11]}, "19;11": {"type": "grass", "variant": 5, "pos": [19, 11]}, "20;10": {"type": "grass", "variant": 8, "pos": [20, 10]}, "21;10": {"type": "grass", "variant": 8, "pos": [21, 10]}, "20;9": {"type": "grass", "variant": 8, "pos": [20, 9]}, "15;11": {"type": "grass", "variant": 5, "pos": [15, 11]}, "21;9": {"type": "grass", "variant": 8, "pos": [21, 9]}, "21;8": {"type": "grass", "variant": 1, "pos": [21, 8]}, "15;5": {"type": "stone", "variant": 6, "pos": [15, 5]}, "18;5": {"type": "stone", "variant": 6, "pos": [18, 5]}, "19;5": {"type": "stone", "variant": 4, "pos": [19, 5]}, "21;5": {"type": "stone", "variant": 4, "pos": [21, 5]}, "21;4": {"type": "stone", "variant": 3, "pos": [21, 4]}, "19;3": {"type": "stone", "variant": 8, "pos": [19, 3]}, "18;3": {"type": "stone", "variant": 8, "pos": [18, 3]}, "18;2": {"type": "stone", "variant": 1, "pos": [18, 2]}, "19;2": {"type": "stone", "variant": 1, "pos": [19, 2]}, "20;2": {"type": "stone", "variant": 1, "pos": [20, 2]}, "20;3": {"type": "stone", "variant": 5, "pos": [20, 3]}, "19;4": {"type": "stone", "variant": 3, "pos": [19, 4]}, "18;4": {"type": "stone", "variant": 7, "pos": [18, 4]}, "21;3": {"type": "stone", "variant": 3, "pos": [21, 3]}, "21;2": {"type": "stone", "variant": 2, "pos": [21, 2]}, "16;4": {"type": "stone", "variant": 3, "pos": [16, 4]}, "16;5": {"type": "stone", "variant": 4, "pos": [16, 5]}, "22;8": {"type": "grass", "variant": 1, "pos": [22, 8]}, "23;8": {"type": "grass", "variant": 1, "pos": [23, 8]}, "24;8": {"type": "grass", "variant": 1, "pos": [24, 8]}, "25;8": {"type": "grass", "variant": 1, "pos": [25, 8]}, "26;8": {"type": "grass", "variant": 2, "pos": [26, 8]}, "25;9": {"type": "grass", "variant": 8, "pos": [25, 9]}, "24;9": {"type": "grass", "variant": 8, "pos": [24, 9]}, "23;9": {"type": "grass", "variant": 8, "pos": [23, 9]}, "22;9": {"type": "grass", "variant": 8, "pos": [22, 9]}, "26;9": {"type": "grass", "variant": 4, "pos": [26, 9]}, "25;10": {"type": "grass", "variant": 4, "pos": [25, 10]}, "24;10": {"type": "grass", "variant": 8, "pos": [24, 10]}, "23;10": {"type": "grass", "variant": 8, "pos": [23, 10]}, "22;10": {"type": "grass", "variant": 8, "pos": [22, 10]}, "22;11": {"type": "grass", "variant": 5, "pos": [22, 11]}, "21;11": {"type": "grass", "variant": 5, "pos": [21, 11]}, "20;11": {"type": "grass", "variant": 5, "pos": [20, 11]}, "23;11": {"type": "grass", "variant": 5, "pos": [23, 11]}, "24;11": {"type": "grass", "variant": 4, "pos": [24, 11]}}, "tile_size": 16, "offgrid": [{"type": "spawners", "variant": 0, "pos": [100.25, 109.5]}, {"type": "large_decor", "variant": 1, "pos": [119.75, 116.25]}, {"type": "decor", "variant": 0, "pos": [150.25, 113.75]}, {"type": "decor", "variant": 1, "pos": [163.25, 112.75]}, {"type": "spawners", "variant": 1, "pos": [203.0, 108.5]}, {"type": "spawners", "variant": 2, "pos": [176.75, 65.75]}, {"type": "spawners", "variant": 2, "pos": [224.0, 64.25]}, {"type": "spawners", "variant": 2, "pos": [272.25, 65.5]}, {"type": "spawners", "variant": 2, "pos": [321.5, 64.25]}, {"type": "spawners", "variant": 1, "pos": [334.25, 107.5]}, {"type": "spawners", "variant": 3, "pos": [392.25, 93.75]}, {"type": "decor", "variant": 3, "pos": [244.0, 113.0]}, {"type": "decor", "variant": 3, "pos": [120.0, 16.25]}, {"type": "large_decor", "variant": 0, "pos": [162.25, 23.75]}, {"type": "large_decor", "variant": 0, "pos": [295.25, 23.25]}, {"type": "large_decor", "variant": 1, "pos": [183.75, 20.5]}, {"type": "large_decor", "variant": 1, "pos": [349.25, 118.0]}, {"type": "large_decor", "variant": 2, "pos": [363.25, 85.75]}, {"type": "large_decor", "variant": 0, "pos": [255.75, 119.5]}]}