{"tilemap": {"8;9": {"type": "grass", "variant": 8, "pos": [8, 9]}, "8;8": {"type": "grass", "variant": 1, "pos": [8, 8]}, "7;8": {"type": "grass", "variant": 1, "pos": [7, 8]}, "9;8": {"type": "grass", "variant": 1, "pos": [9, 8]}, "9;9": {"type": "grass", "variant": 8, "pos": [9, 9]}, "10;9": {"type": "grass", "variant": 8, "pos": [10, 9]}, "7;9": {"type": "grass", "variant": 8, "pos": [7, 9]}, "6;9": {"type": "grass", "variant": 6, "pos": [6, 9]}, "10;8": {"type": "grass", "variant": 1, "pos": [10, 8]}, "9;10": {"type": "grass", "variant": 8, "pos": [9, 10]}, "10;10": {"type": "grass", "variant": 8, "pos": [10, 10]}, "8;10": {"type": "grass", "variant": 5, "pos": [8, 10]}, "7;10": {"type": "grass", "variant": 6, "pos": [7, 10]}, "10;11": {"type": "grass", "variant": 4, "pos": [10, 11]}, "9;11": {"type": "grass", "variant": 6, "pos": [9, 11]}, "6;8": {"type": "grass", "variant": 0, "pos": [6, 8]}, "-2;11": {"type": "border", "variant": 0, "pos": [-2, 11]}, "-2;7": {"type": "border", "variant": 0, "pos": [-2, 7]}, "-2;3": {"type": "border", "variant": 0, "pos": [-2, 3]}, "6;16": {"type": "border", "variant": 1, "pos": [6, 16]}, "12;16": {"type": "border", "variant": 1, "pos": [12, 16]}, "18;16": {"type": "border", "variant": 1, "pos": [18, 16]}, "24;16": {"type": "border", "variant": 1, "pos": [24, 16]}, "11;8": {"type": "grass", "variant": 1, "pos": [11, 8]}, "12;8": {"type": "grass", "variant": 1, "pos": [12, 8]}, "12;9": {"type": "grass", "variant": 8, "pos": [12, 9]}, "12;10": {"type": "grass", "variant": 5, "pos": [12, 10]}, "11;9": {"type": "grass", "variant": 8, "pos": [11, 9]}, "13;9": {"type": "grass", "variant": 8, "pos": [13, 9]}, "11;10": {"type": "grass", "variant": 5, "pos": [11, 10]}, "13;8": {"type": "grass", "variant": 1, "pos": [13, 8]}, "14;8": {"type": "grass", "variant": 2, "pos": [14, 8]}, "13;10": {"type": "grass", "variant": 4, "pos": [13, 10]}, "14;9": {"type": "grass", "variant": 4, "pos": [14, 9]}, "19;8": {"type": "stone", "variant": 6, "pos": [19, 8]}, "19;7": {"type": "stone", "variant": 0, "pos": [19, 7]}, "20;7": {"type": "stone", "variant": 8, "pos": [20, 7]}, "20;6": {"type": "stone", "variant": 0, "pos": [20, 6]}, "21;7": {"type": "stone", "variant": 8, "pos": [21, 7]}, "21;6": {"type": "stone", "variant": 1, "pos": [21, 6]}, "21;8": {"type": "stone", "variant": 5, "pos": [21, 8]}, "20;8": {"type": "stone", "variant": 5, "pos": [20, 8]}, "22;7": {"type": "stone", "variant": 8, "pos": [22, 7]}, "22;6": {"type": "stone", "variant": 1, "pos": [22, 6]}, "23;6": {"type": "stone", "variant": 2, "pos": [23, 6]}, "23;7": {"type": "stone", "variant": 4, "pos": [23, 7]}, "22;8": {"type": "stone", "variant": 4, "pos": [22, 8]}, "29;6": {"type": "grass", "variant": 0, "pos": [29, 6]}, "30;6": {"type": "grass", "variant": 1, "pos": [30, 6]}, "31;6": {"type": "grass", "variant": 1, "pos": [31, 6]}, "32;6": {"type": "grass", "variant": 1, "pos": [32, 6]}, "32;7": {"type": "grass", "variant": 8, "pos": [32, 7]}, "33;7": {"type": "grass", "variant": 8, "pos": [33, 7]}, "32;8": {"type": "grass", "variant": 8, "pos": [32, 8]}, "31;8": {"type": "grass", "variant": 5, "pos": [31, 8]}, "30;8": {"type": "grass", "variant": 6, "pos": [30, 8]}, "30;7": {"type": "grass", "variant": 8, "pos": [30, 7]}, "29;7": {"type": "grass", "variant": 6, "pos": [29, 7]}, "31;7": {"type": "grass", "variant": 8, "pos": [31, 7]}, "34;7": {"type": "grass", "variant": 8, "pos": [34, 7]}, "34;6": {"type": "grass", "variant": 2, "pos": [34, 6]}, "33;6": {"type": "grass", "variant": 1, "pos": [33, 6]}, "34;8": {"type": "grass", "variant": 8, "pos": [34, 8]}, "35;8": {"type": "grass", "variant": 8, "pos": [35, 8]}, "36;8": {"type": "grass", "variant": 8, "pos": [36, 8]}, "37;8": {"type": "grass", "variant": 1, "pos": [37, 8]}, "38;8": {"type": "grass", "variant": 1, "pos": [38, 8]}, "39;8": {"type": "grass", "variant": 1, "pos": [39, 8]}, "40;8": {"type": "grass", "variant": 8, "pos": [40, 8]}, "35;7": {"type": "grass", "variant": 1, "pos": [35, 7]}, "36;7": {"type": "grass", "variant": 2, "pos": [36, 7]}, "40;7": {"type": "grass", "variant": 0, "pos": [40, 7]}, "41;7": {"type": "grass", "variant": 1, "pos": [41, 7]}, "42;7": {"type": "grass", "variant": 1, "pos": [42, 7]}, "43;7": {"type": "grass", "variant": 1, "pos": [43, 7]}, "44;7": {"type": "grass", "variant": 8, "pos": [44, 7]}, "45;7": {"type": "grass", "variant": 8, "pos": [45, 7]}, "46;7": {"type": "grass", "variant": 8, "pos": [46, 7]}, "43;8": {"type": "grass", "variant": 8, "pos": [43, 8]}, "44;8": {"type": "grass", "variant": 8, "pos": [44, 8]}, "45;8": {"type": "grass", "variant": 8, "pos": [45, 8]}, "46;8": {"type": "grass", "variant": 8, "pos": [46, 8]}, "47;8": {"type": "grass", "variant": 5, "pos": [47, 8]}, "44;6": {"type": "grass", "variant": 0, "pos": [44, 6]}, "45;6": {"type": "grass", "variant": 1, "pos": [45, 6]}, "46;6": {"type": "grass", "variant": 1, "pos": [46, 6]}, "47;6": {"type": "grass", "variant": 1, "pos": [47, 6]}, "48;6": {"type": "grass", "variant": 1, "pos": [48, 6]}, "49;6": {"type": "grass", "variant": 2, "pos": [49, 6]}, "47;7": {"type": "grass", "variant": 8, "pos": [47, 7]}, "48;7": {"type": "grass", "variant": 8, "pos": [48, 7]}, "49;7": {"type": "grass", "variant": 3, "pos": [49, 7]}, "49;8": {"type": "grass", "variant": 4, "pos": [49, 8]}, "48;8": {"type": "grass", "variant": 5, "pos": [48, 8]}, "46;9": {"type": "grass", "variant": 4, "pos": [46, 9]}, "45;9": {"type": "grass", "variant": 5, "pos": [45, 9]}, "44;9": {"type": "grass", "variant": 5, "pos": [44, 9]}, "43;9": {"type": "grass", "variant": 5, "pos": [43, 9]}, "42;9": {"type": "grass", "variant": 5, "pos": [42, 9]}, "41;9": {"type": "grass", "variant": 8, "pos": [41, 9]}, "40;9": {"type": "grass", "variant": 8, "pos": [40, 9]}, "39;9": {"type": "grass", "variant": 8, "pos": [39, 9]}, "38;9": {"type": "grass", "variant": 8, "pos": [38, 9]}, "37;9": {"type": "grass", "variant": 8, "pos": [37, 9]}, "36;9": {"type": "grass", "variant": 5, "pos": [36, 9]}, "42;8": {"type": "grass", "variant": 8, "pos": [42, 8]}, "41;8": {"type": "grass", "variant": 8, "pos": [41, 8]}, "33;8": {"type": "grass", "variant": 8, "pos": [33, 8]}, "35;9": {"type": "grass", "variant": 5, "pos": [35, 9]}, "34;9": {"type": "grass", "variant": 5, "pos": [34, 9]}, "33;9": {"type": "grass", "variant": 5, "pos": [33, 9]}, "32;9": {"type": "grass", "variant": 6, "pos": [32, 9]}, "37;10": {"type": "grass", "variant": 6, "pos": [37, 10]}, "38;10": {"type": "grass", "variant": 5, "pos": [38, 10]}, "39;10": {"type": "grass", "variant": 5, "pos": [39, 10]}, "40;10": {"type": "grass", "variant": 5, "pos": [40, 10]}, "41;10": {"type": "grass", "variant": 4, "pos": [41, 10]}, "36;2": {"type": "grass", "variant": 3, "pos": [36, 2]}, "36;1": {"type": "grass", "variant": 3, "pos": [36, 1]}, "36;0": {"type": "grass", "variant": 3, "pos": [36, 0]}, "36;-1": {"type": "grass", "variant": 3, "pos": [36, -1]}, "36;-2": {"type": "grass", "variant": 3, "pos": [36, -2]}, "36;-3": {"type": "grass", "variant": 3, "pos": [36, -3]}, "36;-4": {"type": "grass", "variant": 3, "pos": [36, -4]}, "36;-5": {"type": "grass", "variant": 2, "pos": [36, -5]}, "36;3": {"type": "grass", "variant": 4, "pos": [36, 3]}, "35;3": {"type": "grass", "variant": 6, "pos": [35, 3]}, "35;2": {"type": "grass", "variant": 7, "pos": [35, 2]}, "35;1": {"type": "grass", "variant": 8, "pos": [35, 1]}, "34;1": {"type": "grass", "variant": 6, "pos": [34, 1]}, "34;0": {"type": "grass", "variant": 8, "pos": [34, 0]}, "34;-1": {"type": "grass", "variant": 8, "pos": [34, -1]}, "35;0": {"type": "grass", "variant": 8, "pos": [35, 0]}, "35;-1": {"type": "grass", "variant": 8, "pos": [35, -1]}, "35;-2": {"type": "grass", "variant": 8, "pos": [35, -2]}, "34;-2": {"type": "grass", "variant": 8, "pos": [34, -2]}, "34;-3": {"type": "grass", "variant": 8, "pos": [34, -3]}, "34;-4": {"type": "grass", "variant": 8, "pos": [34, -4]}, "35;-4": {"type": "grass", "variant": 8, "pos": [35, -4]}, "35;-3": {"type": "grass", "variant": 8, "pos": [35, -3]}, "34;-5": {"type": "grass", "variant": 1, "pos": [34, -5]}, "35;-5": {"type": "grass", "variant": 1, "pos": [35, -5]}, "33;0": {"type": "grass", "variant": 6, "pos": [33, 0]}, "33;-1": {"type": "grass", "variant": 7, "pos": [33, -1]}, "33;-2": {"type": "grass", "variant": 7, "pos": [33, -2]}, "33;-3": {"type": "grass", "variant": 7, "pos": [33, -3]}, "33;-4": {"type": "grass", "variant": 7, "pos": [33, -4]}, "33;-5": {"type": "grass", "variant": 0, "pos": [33, -5]}, "41;2": {"type": "grass", "variant": 0, "pos": [41, 2]}, "41;3": {"type": "grass", "variant": 6, "pos": [41, 3]}, "42;3": {"type": "grass", "variant": 4, "pos": [42, 3]}, "42;2": {"type": "grass", "variant": 2, "pos": [42, 2]}, "39;-2": {"type": "grass", "variant": 6, "pos": [39, -2]}, "39;-3": {"type": "grass", "variant": 7, "pos": [39, -3]}, "39;-4": {"type": "grass", "variant": 7, "pos": [39, -4]}, "39;-5": {"type": "grass", "variant": 0, "pos": [39, -5]}, "40;-5": {"type": "grass", "variant": 8, "pos": [40, -5]}, "40;-4": {"type": "grass", "variant": 8, "pos": [40, -4]}, "40;-3": {"type": "grass", "variant": 8, "pos": [40, -3]}, "40;-2": {"type": "grass", "variant": 4, "pos": [40, -2]}, "41;-5": {"type": "grass", "variant": 8, "pos": [41, -5]}, "41;-6": {"type": "grass", "variant": 1, "pos": [41, -6]}, "41;-4": {"type": "grass", "variant": 8, "pos": [41, -4]}, "40;-6": {"type": "grass", "variant": 0, "pos": [40, -6]}, "41;-3": {"type": "grass", "variant": 4, "pos": [41, -3]}, "42;-4": {"type": "grass", "variant": 4, "pos": [42, -4]}, "42;-5": {"type": "grass", "variant": 3, "pos": [42, -5]}, "42;-6": {"type": "grass", "variant": 2, "pos": [42, -6]}, "47;-5": {"type": "grass", "variant": 6, "pos": [47, -5]}, "48;-5": {"type": "grass", "variant": 5, "pos": [48, -5]}, "49;-5": {"type": "grass", "variant": 8, "pos": [49, -5]}, "50;-5": {"type": "grass", "variant": 8, "pos": [50, -5]}, "51;-5": {"type": "grass", "variant": 8, "pos": [51, -5]}, "52;-5": {"type": "grass", "variant": 3, "pos": [52, -5]}, "47;-6": {"type": "grass", "variant": 0, "pos": [47, -6]}, "48;-6": {"type": "grass", "variant": 1, "pos": [48, -6]}, "49;-6": {"type": "grass", "variant": 1, "pos": [49, -6]}, "50;-6": {"type": "grass", "variant": 1, "pos": [50, -6]}, "51;-6": {"type": "grass", "variant": 1, "pos": [51, -6]}, "52;-6": {"type": "grass", "variant": 2, "pos": [52, -6]}, "49;-4": {"type": "grass", "variant": 6, "pos": [49, -4]}, "50;-4": {"type": "grass", "variant": 5, "pos": [50, -4]}, "51;-4": {"type": "grass", "variant": 5, "pos": [51, -4]}, "52;-4": {"type": "grass", "variant": 4, "pos": [52, -4]}, "58;-10": {"type": "grass", "variant": 0, "pos": [58, -10]}, "58;-9": {"type": "grass", "variant": 7, "pos": [58, -9]}, "57;-8": {"type": "grass", "variant": 1, "pos": [57, -8]}, "57;-7": {"type": "grass", "variant": 8, "pos": [57, -7]}, "57;-6": {"type": "grass", "variant": 6, "pos": [57, -6]}, "58;-6": {"type": "grass", "variant": 5, "pos": [58, -6]}, "59;-6": {"type": "grass", "variant": 5, "pos": [59, -6]}, "60;-6": {"type": "grass", "variant": 4, "pos": [60, -6]}, "60;-7": {"type": "grass", "variant": 8, "pos": [60, -7]}, "59;-7": {"type": "grass", "variant": 8, "pos": [59, -7]}, "59;-8": {"type": "grass", "variant": 8, "pos": [59, -8]}, "58;-8": {"type": "grass", "variant": 8, "pos": [58, -8]}, "56;-8": {"type": "grass", "variant": 0, "pos": [56, -8]}, "56;-7": {"type": "grass", "variant": 6, "pos": [56, -7]}, "58;-7": {"type": "grass", "variant": 8, "pos": [58, -7]}, "59;-10": {"type": "grass", "variant": 2, "pos": [59, -10]}, "59;-9": {"type": "grass", "variant": 8, "pos": [59, -9]}, "60;-8": {"type": "grass", "variant": 8, "pos": [60, -8]}, "61;-8": {"type": "grass", "variant": 8, "pos": [61, -8]}, "62;-8": {"type": "grass", "variant": 3, "pos": [62, -8]}, "61;-9": {"type": "grass", "variant": 1, "pos": [61, -9]}, "62;-9": {"type": "grass", "variant": 2, "pos": [62, -9]}, "60;-9": {"type": "grass", "variant": 1, "pos": [60, -9]}, "61;-7": {"type": "grass", "variant": 5, "pos": [61, -7]}, "62;-7": {"type": "grass", "variant": 4, "pos": [62, -7]}}, "tile_size": 16, "offgrid": [{"type": "spawners", "variant": 0, "pos": [100.25, 109.5]}, {"type": "large_decor", "variant": 2, "pos": [153.5, 85.75]}, {"type": "large_decor", "variant": 1, "pos": [119.75, 116.25]}, {"type": "decor", "variant": 0, "pos": [150.25, 113.75]}, {"type": "decor", "variant": 1, "pos": [163.25, 112.75]}, {"type": "spawners", "variant": 1, "pos": [367.0, 74.5]}, {"type": "spawners", "variant": 1, "pos": [324.75, 75.0]}, {"type": "spawners", "variant": 2, "pos": [346.75, 34.0]}, {"type": "large_decor", "variant": 0, "pos": [469.5, 89.25]}, {"type": "large_decor", "variant": 2, "pos": [481.25, 56.25]}, {"type": "large_decor", "variant": 1, "pos": [598.75, 118.0]}, {"type": "large_decor", "variant": 1, "pos": [717.5, 87.0]}, {"type": "large_decor", "variant": 2, "pos": [730.75, 54.75]}, {"type": "large_decor", "variant": 2, "pos": [546.0, -112.25]}, {"type": "large_decor", "variant": 2, "pos": [776.75, -135.5]}, {"type": "large_decor", "variant": 0, "pos": [967.25, -152.0]}, {"type": "decor", "variant": 0, "pos": [958.25, -159.5]}, {"type": "decor", "variant": 2, "pos": [934.0, -176.0]}, {"type": "decor", "variant": 2, "pos": [773.5, -111.5]}, {"type": "decor", "variant": 2, "pos": [796.25, -110.25]}, {"type": "decor", "variant": 3, "pos": [650.0, -108.25]}, {"type": "decor", "variant": 3, "pos": [660.75, 17.0]}, {"type": "decor", "variant": 0, "pos": [544.5, -95.25]}, {"type": "decor", "variant": 1, "pos": [555.5, -94.75]}, {"type": "decor", "variant": 1, "pos": [734.75, 80.0]}, {"type": "decor", "variant": 1, "pos": [724.0, 81.5]}, {"type": "decor", "variant": 0, "pos": [713.5, 81.5]}, {"type": "decor", "variant": 2, "pos": [598.0, 112.5]}, {"type": "decor", "variant": 2, "pos": [497.0, 83.5]}, {"type": "spawners", "variant": 1, "pos": [682.5, 94.75]}, {"type": "spawners", "variant": 1, "pos": [710.25, 74.25]}, {"type": "spawners", "variant": 1, "pos": [770.25, 72.0]}, {"type": "spawners", "variant": 2, "pos": [743.0, 21.5]}, {"type": "spawners", "variant": 2, "pos": [671.0, -3.0]}, {"type": "spawners", "variant": 2, "pos": [620.0, 63.0]}, {"type": "spawners", "variant": 3, "pos": [644.75, 80.25]}, {"type": "spawners", "variant": 1, "pos": [662.25, -116.0]}, {"type": "spawners", "variant": 2, "pos": [529.25, -158.5]}, {"type": "spawners", "variant": 2, "pos": [567.25, -153.25]}, {"type": "spawners", "variant": 2, "pos": [813.75, -151.25]}, {"type": "spawners", "variant": 1, "pos": [941.25, -180.75]}, {"type": "spawners", "variant": 1, "pos": [985.75, -168.5]}]}