{"tilemap": {"8;9": {"type": "grass", "variant": 8, "pos": [8, 9]}, "8;8": {"type": "grass", "variant": 1, "pos": [8, 8]}, "7;8": {"type": "grass", "variant": 1, "pos": [7, 8]}, "9;8": {"type": "grass", "variant": 1, "pos": [9, 8]}, "9;9": {"type": "grass", "variant": 8, "pos": [9, 9]}, "10;9": {"type": "grass", "variant": 3, "pos": [10, 9]}, "7;9": {"type": "grass", "variant": 8, "pos": [7, 9]}, "6;9": {"type": "grass", "variant": 8, "pos": [6, 9]}, "10;8": {"type": "grass", "variant": 2, "pos": [10, 8]}, "9;10": {"type": "grass", "variant": 8, "pos": [9, 10]}, "10;10": {"type": "grass", "variant": 3, "pos": [10, 10]}, "8;10": {"type": "grass", "variant": 8, "pos": [8, 10]}, "7;10": {"type": "grass", "variant": 8, "pos": [7, 10]}, "10;11": {"type": "grass", "variant": 3, "pos": [10, 11]}, "9;11": {"type": "grass", "variant": 8, "pos": [9, 11]}, "6;8": {"type": "grass", "variant": 1, "pos": [6, 8]}, "-2;11": {"type": "border", "variant": 0, "pos": [-2, 11]}, "-2;7": {"type": "border", "variant": 0, "pos": [-2, 7]}, "-2;3": {"type": "border", "variant": 0, "pos": [-2, 3]}, "12;8": {"type": "grass", "variant": 7, "pos": [12, 8]}, "13;8": {"type": "grass", "variant": 8, "pos": [13, 8]}, "14;8": {"type": "grass", "variant": 8, "pos": [14, 8]}, "15;8": {"type": "grass", "variant": 8, "pos": [15, 8]}, "16;8": {"type": "grass", "variant": 8, "pos": [16, 8]}, "17;8": {"type": "grass", "variant": 8, "pos": [17, 8]}, "17;9": {"type": "grass", "variant": 8, "pos": [17, 9]}, "16;9": {"type": "grass", "variant": 8, "pos": [16, 9]}, "15;9": {"type": "grass", "variant": 8, "pos": [15, 9]}, "14;9": {"type": "grass", "variant": 8, "pos": [14, 9]}, "13;9": {"type": "grass", "variant": 8, "pos": [13, 9]}, "12;9": {"type": "grass", "variant": 7, "pos": [12, 9]}, "15;10": {"type": "grass", "variant": 8, "pos": [15, 10]}, "16;10": {"type": "grass", "variant": 8, "pos": [16, 10]}, "14;10": {"type": "grass", "variant": 8, "pos": [14, 10]}, "13;10": {"type": "grass", "variant": 8, "pos": [13, 10]}, "17;10": {"type": "grass", "variant": 8, "pos": [17, 10]}, "12;10": {"type": "grass", "variant": 7, "pos": [12, 10]}, "13;11": {"type": "grass", "variant": 8, "pos": [13, 11]}, "14;11": {"type": "grass", "variant": 8, "pos": [14, 11]}, "15;11": {"type": "grass", "variant": 8, "pos": [15, 11]}, "12;11": {"type": "grass", "variant": 7, "pos": [12, 11]}, "16;11": {"type": "grass", "variant": 8, "pos": [16, 11]}, "17;11": {"type": "grass", "variant": 8, "pos": [17, 11]}, "12;12": {"type": "grass", "variant": 7, "pos": [12, 12]}, "12;13": {"type": "grass", "variant": 7, "pos": [12, 13]}, "12;14": {"type": "grass", "variant": 7, "pos": [12, 14]}, "13;14": {"type": "grass", "variant": 8, "pos": [13, 14]}, "13;15": {"type": "grass", "variant": 5, "pos": [13, 15]}, "14;14": {"type": "grass", "variant": 8, "pos": [14, 14]}, "14;13": {"type": "grass", "variant": 8, "pos": [14, 13]}, "15;13": {"type": "grass", "variant": 8, "pos": [15, 13]}, "15;12": {"type": "grass", "variant": 8, "pos": [15, 12]}, "14;12": {"type": "grass", "variant": 8, "pos": [14, 12]}, "13;12": {"type": "grass", "variant": 8, "pos": [13, 12]}, "16;12": {"type": "grass", "variant": 8, "pos": [16, 12]}, "16;13": {"type": "grass", "variant": 8, "pos": [16, 13]}, "16;14": {"type": "grass", "variant": 8, "pos": [16, 14]}, "15;14": {"type": "grass", "variant": 8, "pos": [15, 14]}, "17;12": {"type": "grass", "variant": 8, "pos": [17, 12]}, "17;13": {"type": "grass", "variant": 8, "pos": [17, 13]}, "17;14": {"type": "grass", "variant": 8, "pos": [17, 14]}, "17;15": {"type": "grass", "variant": 5, "pos": [17, 15]}, "16;15": {"type": "grass", "variant": 8, "pos": [16, 15]}, "15;15": {"type": "grass", "variant": 5, "pos": [15, 15]}, "13;13": {"type": "grass", "variant": 8, "pos": [13, 13]}, "14;15": {"type": "grass", "variant": 8, "pos": [14, 15]}, "12;15": {"type": "grass", "variant": 7, "pos": [12, 15]}, "10;12": {"type": "grass", "variant": 3, "pos": [10, 12]}, "10;13": {"type": "grass", "variant": 3, "pos": [10, 13]}, "10;14": {"type": "grass", "variant": 3, "pos": [10, 14]}, "10;15": {"type": "grass", "variant": 3, "pos": [10, 15]}, "9;15": {"type": "grass", "variant": 8, "pos": [9, 15]}, "9;14": {"type": "grass", "variant": 8, "pos": [9, 14]}, "9;13": {"type": "grass", "variant": 8, "pos": [9, 13]}, "9;12": {"type": "grass", "variant": 8, "pos": [9, 12]}, "8;13": {"type": "grass", "variant": 8, "pos": [8, 13]}, "8;12": {"type": "grass", "variant": 8, "pos": [8, 12]}, "8;11": {"type": "grass", "variant": 8, "pos": [8, 11]}, "8;14": {"type": "grass", "variant": 8, "pos": [8, 14]}, "7;14": {"type": "grass", "variant": 8, "pos": [7, 14]}, "7;15": {"type": "grass", "variant": 5, "pos": [7, 15]}, "7;13": {"type": "grass", "variant": 8, "pos": [7, 13]}, "7;12": {"type": "grass", "variant": 8, "pos": [7, 12]}, "7;11": {"type": "grass", "variant": 8, "pos": [7, 11]}, "8;15": {"type": "grass", "variant": 8, "pos": [8, 15]}, "9;16": {"type": "grass", "variant": 8, "pos": [9, 16]}, "9;17": {"type": "grass", "variant": 8, "pos": [9, 17]}, "9;18": {"type": "grass", "variant": 8, "pos": [9, 18]}, "9;19": {"type": "grass", "variant": 8, "pos": [9, 19]}, "10;19": {"type": "grass", "variant": 8, "pos": [10, 19]}, "11;19": {"type": "grass", "variant": 1, "pos": [11, 19]}, "12;19": {"type": "grass", "variant": 1, "pos": [12, 19]}, "13;19": {"type": "grass", "variant": 1, "pos": [13, 19]}, "14;19": {"type": "grass", "variant": 1, "pos": [14, 19]}, "15;19": {"type": "grass", "variant": 1, "pos": [15, 19]}, "16;19": {"type": "grass", "variant": 1, "pos": [16, 19]}, "17;19": {"type": "grass", "variant": 1, "pos": [17, 19]}, "18;19": {"type": "grass", "variant": 1, "pos": [18, 19]}, "19;19": {"type": "grass", "variant": 1, "pos": [19, 19]}, "18;15": {"type": "grass", "variant": 8, "pos": [18, 15]}, "19;15": {"type": "grass", "variant": 5, "pos": [19, 15]}, "20;15": {"type": "grass", "variant": 8, "pos": [20, 15]}, "21;15": {"type": "grass", "variant": 5, "pos": [21, 15]}, "22;15": {"type": "grass", "variant": 8, "pos": [22, 15]}, "18;14": {"type": "grass", "variant": 8, "pos": [18, 14]}, "19;14": {"type": "grass", "variant": 8, "pos": [19, 14]}, "20;14": {"type": "grass", "variant": 8, "pos": [20, 14]}, "21;14": {"type": "grass", "variant": 8, "pos": [21, 14]}, "22;14": {"type": "grass", "variant": 8, "pos": [22, 14]}, "22;13": {"type": "grass", "variant": 8, "pos": [22, 13]}, "21;13": {"type": "grass", "variant": 8, "pos": [21, 13]}, "21;12": {"type": "grass", "variant": 8, "pos": [21, 12]}, "20;12": {"type": "grass", "variant": 8, "pos": [20, 12]}, "20;11": {"type": "grass", "variant": 8, "pos": [20, 11]}, "19;11": {"type": "grass", "variant": 8, "pos": [19, 11]}, "19;10": {"type": "grass", "variant": 8, "pos": [19, 10]}, "18;10": {"type": "grass", "variant": 8, "pos": [18, 10]}, "18;9": {"type": "grass", "variant": 8, "pos": [18, 9]}, "18;8": {"type": "grass", "variant": 8, "pos": [18, 8]}, "19;12": {"type": "grass", "variant": 8, "pos": [19, 12]}, "18;12": {"type": "grass", "variant": 8, "pos": [18, 12]}, "18;13": {"type": "grass", "variant": 8, "pos": [18, 13]}, "18;11": {"type": "grass", "variant": 8, "pos": [18, 11]}, "20;13": {"type": "grass", "variant": 8, "pos": [20, 13]}, "19;13": {"type": "grass", "variant": 8, "pos": [19, 13]}, "22;12": {"type": "grass", "variant": 8, "pos": [22, 12]}, "20;10": {"type": "grass", "variant": 8, "pos": [20, 10]}, "20;9": {"type": "grass", "variant": 8, "pos": [20, 9]}, "19;9": {"type": "grass", "variant": 8, "pos": [19, 9]}, "20;8": {"type": "grass", "variant": 8, "pos": [20, 8]}, "19;8": {"type": "grass", "variant": 8, "pos": [19, 8]}, "21;9": {"type": "grass", "variant": 8, "pos": [21, 9]}, "22;9": {"type": "grass", "variant": 8, "pos": [22, 9]}, "23;10": {"type": "grass", "variant": 8, "pos": [23, 10]}, "23;11": {"type": "grass", "variant": 8, "pos": [23, 11]}, "22;11": {"type": "grass", "variant": 8, "pos": [22, 11]}, "22;10": {"type": "grass", "variant": 8, "pos": [22, 10]}, "21;10": {"type": "grass", "variant": 8, "pos": [21, 10]}, "21;11": {"type": "grass", "variant": 8, "pos": [21, 11]}, "21;8": {"type": "grass", "variant": 8, "pos": [21, 8]}, "22;8": {"type": "grass", "variant": 8, "pos": [22, 8]}, "23;8": {"type": "grass", "variant": 8, "pos": [23, 8]}, "23;9": {"type": "grass", "variant": 8, "pos": [23, 9]}, "12;7": {"type": "grass", "variant": 7, "pos": [12, 7]}, "13;7": {"type": "grass", "variant": 8, "pos": [13, 7]}, "13;6": {"type": "grass", "variant": 8, "pos": [13, 6]}, "13;5": {"type": "grass", "variant": 8, "pos": [13, 5]}, "12;5": {"type": "grass", "variant": 7, "pos": [12, 5]}, "12;4": {"type": "grass", "variant": 7, "pos": [12, 4]}, "12;3": {"type": "grass", "variant": 8, "pos": [12, 3]}, "11;3": {"type": "grass", "variant": 5, "pos": [11, 3]}, "10;3": {"type": "grass", "variant": 5, "pos": [10, 3]}, "9;3": {"type": "grass", "variant": 5, "pos": [9, 3]}, "8;3": {"type": "grass", "variant": 5, "pos": [8, 3]}, "7;4": {"type": "grass", "variant": 4, "pos": [7, 4]}, "6;4": {"type": "grass", "variant": 5, "pos": [6, 4]}, "5;4": {"type": "grass", "variant": 5, "pos": [5, 4]}, "4;4": {"type": "grass", "variant": 8, "pos": [4, 4]}, "4;5": {"type": "grass", "variant": 4, "pos": [4, 5]}, "3;5": {"type": "grass", "variant": 8, "pos": [3, 5]}, "3;6": {"type": "grass", "variant": 3, "pos": [3, 6]}, "3;7": {"type": "grass", "variant": 3, "pos": [3, 7]}, "4;8": {"type": "grass", "variant": 1, "pos": [4, 8]}, "4;9": {"type": "grass", "variant": 8, "pos": [4, 9]}, "5;9": {"type": "grass", "variant": 8, "pos": [5, 9]}, "5;8": {"type": "grass", "variant": 1, "pos": [5, 8]}, "3;8": {"type": "grass", "variant": 8, "pos": [3, 8]}, "3;9": {"type": "grass", "variant": 6, "pos": [3, 9]}, "2;5": {"type": "grass", "variant": 8, "pos": [2, 5]}, "2;6": {"type": "grass", "variant": 8, "pos": [2, 6]}, "2;7": {"type": "grass", "variant": 8, "pos": [2, 7]}, "2;8": {"type": "grass", "variant": 5, "pos": [2, 8]}, "2;4": {"type": "grass", "variant": 8, "pos": [2, 4]}, "3;4": {"type": "grass", "variant": 8, "pos": [3, 4]}, "3;3": {"type": "grass", "variant": 1, "pos": [3, 3]}, "4;3": {"type": "grass", "variant": 1, "pos": [4, 3]}, "5;3": {"type": "grass", "variant": 8, "pos": [5, 3]}, "6;3": {"type": "grass", "variant": 8, "pos": [6, 3]}, "7;3": {"type": "grass", "variant": 8, "pos": [7, 3]}, "7;2": {"type": "grass", "variant": 1, "pos": [7, 2]}, "8;2": {"type": "grass", "variant": 1, "pos": [8, 2]}, "9;2": {"type": "grass", "variant": 1, "pos": [9, 2]}, "10;2": {"type": "grass", "variant": 1, "pos": [10, 2]}, "11;2": {"type": "grass", "variant": 1, "pos": [11, 2]}, "12;2": {"type": "grass", "variant": 2, "pos": [12, 2]}, "13;3": {"type": "grass", "variant": 1, "pos": [13, 3]}, "14;3": {"type": "grass", "variant": 1, "pos": [14, 3]}, "13;4": {"type": "grass", "variant": 8, "pos": [13, 4]}, "14;5": {"type": "grass", "variant": 8, "pos": [14, 5]}, "14;6": {"type": "grass", "variant": 8, "pos": [14, 6]}, "14;7": {"type": "grass", "variant": 8, "pos": [14, 7]}, "14;4": {"type": "grass", "variant": 8, "pos": [14, 4]}, "12;6": {"type": "grass", "variant": 7, "pos": [12, 6]}, "6;2": {"type": "grass", "variant": 1, "pos": [6, 2]}, "5;2": {"type": "grass", "variant": 0, "pos": [5, 2]}, "2;3": {"type": "grass", "variant": 0, "pos": [2, 3]}, "1;5": {"type": "grass", "variant": 7, "pos": [1, 5]}, "1;4": {"type": "grass", "variant": 0, "pos": [1, 4]}, "1;7": {"type": "grass", "variant": 7, "pos": [1, 7]}, "1;8": {"type": "grass", "variant": 6, "pos": [1, 8]}, "1;6": {"type": "grass", "variant": 7, "pos": [1, 6]}, "6;10": {"type": "grass", "variant": 8, "pos": [6, 10]}, "5;10": {"type": "grass", "variant": 8, "pos": [5, 10]}, "4;10": {"type": "grass", "variant": 7, "pos": [4, 10]}, "4;11": {"type": "grass", "variant": 6, "pos": [4, 11]}, "5;11": {"type": "grass", "variant": 8, "pos": [5, 11]}, "5;12": {"type": "grass", "variant": 6, "pos": [5, 12]}, "6;12": {"type": "grass", "variant": 8, "pos": [6, 12]}, "6;11": {"type": "grass", "variant": 8, "pos": [6, 11]}, "6;13": {"type": "grass", "variant": 7, "pos": [6, 13]}, "6;14": {"type": "grass", "variant": 7, "pos": [6, 14]}, "6;15": {"type": "grass", "variant": 6, "pos": [6, 15]}, "8;16": {"type": "grass", "variant": 7, "pos": [8, 16]}, "8;17": {"type": "grass", "variant": 7, "pos": [8, 17]}, "8;18": {"type": "grass", "variant": 7, "pos": [8, 18]}, "8;19": {"type": "grass", "variant": 7, "pos": [8, 19]}, "10;16": {"type": "grass", "variant": 3, "pos": [10, 16]}, "10;17": {"type": "grass", "variant": 3, "pos": [10, 17]}, "10;18": {"type": "grass", "variant": 3, "pos": [10, 18]}, "8;20": {"type": "grass", "variant": 7, "pos": [8, 20]}, "9;20": {"type": "grass", "variant": 8, "pos": [9, 20]}, "10;20": {"type": "grass", "variant": 8, "pos": [10, 20]}, "12;20": {"type": "grass", "variant": 8, "pos": [12, 20]}, "13;20": {"type": "grass", "variant": 8, "pos": [13, 20]}, "14;20": {"type": "grass", "variant": 8, "pos": [14, 20]}, "15;20": {"type": "grass", "variant": 8, "pos": [15, 20]}, "16;20": {"type": "grass", "variant": 8, "pos": [16, 20]}, "17;20": {"type": "grass", "variant": 8, "pos": [17, 20]}, "18;20": {"type": "grass", "variant": 8, "pos": [18, 20]}, "19;20": {"type": "grass", "variant": 8, "pos": [19, 20]}, "20;20": {"type": "grass", "variant": 8, "pos": [20, 20]}, "11;20": {"type": "grass", "variant": 8, "pos": [11, 20]}, "20;19": {"type": "grass", "variant": 1, "pos": [20, 19]}, "21;19": {"type": "grass", "variant": 1, "pos": [21, 19]}, "21;20": {"type": "grass", "variant": 8, "pos": [21, 20]}, "22;20": {"type": "grass", "variant": 8, "pos": [22, 20]}, "23;20": {"type": "grass", "variant": 8, "pos": [23, 20]}, "23;19": {"type": "grass", "variant": 1, "pos": [23, 19]}, "24;19": {"type": "grass", "variant": 1, "pos": [24, 19]}, "25;19": {"type": "grass", "variant": 1, "pos": [25, 19]}, "26;19": {"type": "grass", "variant": 1, "pos": [26, 19]}, "27;19": {"type": "grass", "variant": 1, "pos": [27, 19]}, "28;19": {"type": "grass", "variant": 1, "pos": [28, 19]}, "29;19": {"type": "grass", "variant": 1, "pos": [29, 19]}, "22;19": {"type": "grass", "variant": 1, "pos": [22, 19]}, "24;20": {"type": "grass", "variant": 8, "pos": [24, 20]}, "25;20": {"type": "grass", "variant": 8, "pos": [25, 20]}, "26;20": {"type": "grass", "variant": 8, "pos": [26, 20]}, "27;20": {"type": "grass", "variant": 8, "pos": [27, 20]}, "28;20": {"type": "grass", "variant": 8, "pos": [28, 20]}, "29;20": {"type": "grass", "variant": 8, "pos": [29, 20]}, "23;15": {"type": "grass", "variant": 5, "pos": [23, 15]}, "23;14": {"type": "grass", "variant": 8, "pos": [23, 14]}, "23;13": {"type": "grass", "variant": 8, "pos": [23, 13]}, "23;12": {"type": "grass", "variant": 8, "pos": [23, 12]}, "24;12": {"type": "grass", "variant": 8, "pos": [24, 12]}, "24;13": {"type": "grass", "variant": 8, "pos": [24, 13]}, "25;13": {"type": "grass", "variant": 8, "pos": [25, 13]}, "25;14": {"type": "grass", "variant": 8, "pos": [25, 14]}, "24;14": {"type": "grass", "variant": 8, "pos": [24, 14]}, "24;15": {"type": "grass", "variant": 8, "pos": [24, 15]}, "26;14": {"type": "grass", "variant": 8, "pos": [26, 14]}, "26;15": {"type": "grass", "variant": 8, "pos": [26, 15]}, "25;15": {"type": "grass", "variant": 5, "pos": [25, 15]}, "20;16": {"type": "grass", "variant": 5, "pos": [20, 16]}, "18;16": {"type": "grass", "variant": 5, "pos": [18, 16]}, "16;16": {"type": "grass", "variant": 5, "pos": [16, 16]}, "14;16": {"type": "grass", "variant": 5, "pos": [14, 16]}, "12;16": {"type": "grass", "variant": 6, "pos": [12, 16]}, "26;16": {"type": "grass", "variant": 5, "pos": [26, 16]}, "24;16": {"type": "grass", "variant": 5, "pos": [24, 16]}, "22;16": {"type": "grass", "variant": 5, "pos": [22, 16]}, "28;16": {"type": "grass", "variant": 5, "pos": [28, 16]}, "28;15": {"type": "grass", "variant": 8, "pos": [28, 15]}, "27;15": {"type": "grass", "variant": 5, "pos": [27, 15]}, "27;14": {"type": "grass", "variant": 8, "pos": [27, 14]}, "28;14": {"type": "grass", "variant": 8, "pos": [28, 14]}, "26;13": {"type": "grass", "variant": 8, "pos": [26, 13]}, "24;11": {"type": "grass", "variant": 8, "pos": [24, 11]}, "24;10": {"type": "grass", "variant": 8, "pos": [24, 10]}, "25;11": {"type": "grass", "variant": 8, "pos": [25, 11]}, "26;11": {"type": "grass", "variant": 8, "pos": [26, 11]}, "26;12": {"type": "grass", "variant": 8, "pos": [26, 12]}, "27;12": {"type": "grass", "variant": 8, "pos": [27, 12]}, "29;12": {"type": "grass", "variant": 8, "pos": [29, 12]}, "30;12": {"type": "grass", "variant": 8, "pos": [30, 12]}, "31;12": {"type": "grass", "variant": 8, "pos": [31, 12]}, "32;12": {"type": "grass", "variant": 8, "pos": [32, 12]}, "28;12": {"type": "grass", "variant": 8, "pos": [28, 12]}, "25;12": {"type": "grass", "variant": 8, "pos": [25, 12]}, "28;13": {"type": "grass", "variant": 8, "pos": [28, 13]}, "27;13": {"type": "grass", "variant": 8, "pos": [27, 13]}, "30;13": {"type": "grass", "variant": 8, "pos": [30, 13]}, "31;13": {"type": "grass", "variant": 8, "pos": [31, 13]}, "32;14": {"type": "grass", "variant": 8, "pos": [32, 14]}, "31;14": {"type": "grass", "variant": 8, "pos": [31, 14]}, "30;14": {"type": "grass", "variant": 8, "pos": [30, 14]}, "29;14": {"type": "grass", "variant": 8, "pos": [29, 14]}, "29;13": {"type": "grass", "variant": 8, "pos": [29, 13]}, "29;15": {"type": "grass", "variant": 5, "pos": [29, 15]}, "25;9": {"type": "grass", "variant": 8, "pos": [25, 9]}, "26;9": {"type": "grass", "variant": 8, "pos": [26, 9]}, "26;10": {"type": "grass", "variant": 8, "pos": [26, 10]}, "27;10": {"type": "grass", "variant": 8, "pos": [27, 10]}, "25;10": {"type": "grass", "variant": 8, "pos": [25, 10]}, "24;9": {"type": "grass", "variant": 8, "pos": [24, 9]}, "25;8": {"type": "grass", "variant": 8, "pos": [25, 8]}, "24;8": {"type": "grass", "variant": 8, "pos": [24, 8]}, "26;8": {"type": "grass", "variant": 8, "pos": [26, 8]}, "27;8": {"type": "grass", "variant": 8, "pos": [27, 8]}, "28;9": {"type": "grass", "variant": 8, "pos": [28, 9]}, "29;9": {"type": "grass", "variant": 8, "pos": [29, 9]}, "30;9": {"type": "grass", "variant": 8, "pos": [30, 9]}, "31;9": {"type": "grass", "variant": 8, "pos": [31, 9]}, "32;9": {"type": "grass", "variant": 8, "pos": [32, 9]}, "33;9": {"type": "grass", "variant": 8, "pos": [33, 9]}, "31;10": {"type": "grass", "variant": 8, "pos": [31, 10]}, "30;10": {"type": "grass", "variant": 8, "pos": [30, 10]}, "29;10": {"type": "grass", "variant": 8, "pos": [29, 10]}, "28;11": {"type": "grass", "variant": 8, "pos": [28, 11]}, "27;11": {"type": "grass", "variant": 8, "pos": [27, 11]}, "33;12": {"type": "grass", "variant": 8, "pos": [33, 12]}, "33;11": {"type": "grass", "variant": 8, "pos": [33, 11]}, "32;11": {"type": "grass", "variant": 8, "pos": [32, 11]}, "31;11": {"type": "grass", "variant": 8, "pos": [31, 11]}, "30;11": {"type": "grass", "variant": 8, "pos": [30, 11]}, "28;10": {"type": "grass", "variant": 8, "pos": [28, 10]}, "27;9": {"type": "grass", "variant": 8, "pos": [27, 9]}, "29;11": {"type": "grass", "variant": 8, "pos": [29, 11]}, "32;10": {"type": "grass", "variant": 8, "pos": [32, 10]}, "33;10": {"type": "grass", "variant": 8, "pos": [33, 10]}, "32;13": {"type": "grass", "variant": 8, "pos": [32, 13]}, "29;8": {"type": "grass", "variant": 8, "pos": [29, 8]}, "28;8": {"type": "grass", "variant": 8, "pos": [28, 8]}, "30;8": {"type": "grass", "variant": 8, "pos": [30, 8]}, "31;8": {"type": "grass", "variant": 8, "pos": [31, 8]}, "32;8": {"type": "grass", "variant": 1, "pos": [32, 8]}, "33;8": {"type": "grass", "variant": 1, "pos": [33, 8]}, "34;8": {"type": "grass", "variant": 2, "pos": [34, 8]}, "34;9": {"type": "grass", "variant": 3, "pos": [34, 9]}, "34;10": {"type": "grass", "variant": 3, "pos": [34, 10]}, "34;11": {"type": "grass", "variant": 3, "pos": [34, 11]}, "34;12": {"type": "grass", "variant": 3, "pos": [34, 12]}, "34;13": {"type": "grass", "variant": 3, "pos": [34, 13]}, "34;14": {"type": "grass", "variant": 3, "pos": [34, 14]}, "33;14": {"type": "grass", "variant": 8, "pos": [33, 14]}, "33;13": {"type": "grass", "variant": 8, "pos": [33, 13]}, "33;15": {"type": "grass", "variant": 5, "pos": [33, 15]}, "32;15": {"type": "grass", "variant": 8, "pos": [32, 15]}, "31;15": {"type": "grass", "variant": 5, "pos": [31, 15]}, "30;15": {"type": "grass", "variant": 8, "pos": [30, 15]}, "34;15": {"type": "grass", "variant": 3, "pos": [34, 15]}, "34;16": {"type": "grass", "variant": 4, "pos": [34, 16]}, "32;16": {"type": "grass", "variant": 5, "pos": [32, 16]}, "30;19": {"type": "grass", "variant": 1, "pos": [30, 19]}, "31;19": {"type": "grass", "variant": 1, "pos": [31, 19]}, "32;19": {"type": "grass", "variant": 1, "pos": [32, 19]}, "33;19": {"type": "grass", "variant": 1, "pos": [33, 19]}, "34;19": {"type": "grass", "variant": 1, "pos": [34, 19]}, "35;19": {"type": "grass", "variant": 1, "pos": [35, 19]}, "31;20": {"type": "grass", "variant": 8, "pos": [31, 20]}, "32;20": {"type": "grass", "variant": 8, "pos": [32, 20]}, "33;20": {"type": "grass", "variant": 8, "pos": [33, 20]}, "34;20": {"type": "grass", "variant": 8, "pos": [34, 20]}, "35;20": {"type": "grass", "variant": 8, "pos": [35, 20]}, "30;20": {"type": "grass", "variant": 8, "pos": [30, 20]}, "30;21": {"type": "grass", "variant": 8, "pos": [30, 21]}, "31;21": {"type": "grass", "variant": 8, "pos": [31, 21]}, "31;22": {"type": "grass", "variant": 8, "pos": [31, 22]}, "32;22": {"type": "grass", "variant": 8, "pos": [32, 22]}, "33;22": {"type": "grass", "variant": 8, "pos": [33, 22]}, "34;22": {"type": "grass", "variant": 8, "pos": [34, 22]}, "34;21": {"type": "grass", "variant": 8, "pos": [34, 21]}, "35;21": {"type": "grass", "variant": 8, "pos": [35, 21]}, "35;22": {"type": "grass", "variant": 8, "pos": [35, 22]}, "35;23": {"type": "grass", "variant": 8, "pos": [35, 23]}, "34;23": {"type": "grass", "variant": 8, "pos": [34, 23]}, "33;23": {"type": "grass", "variant": 8, "pos": [33, 23]}, "32;23": {"type": "grass", "variant": 8, "pos": [32, 23]}, "31;23": {"type": "grass", "variant": 8, "pos": [31, 23]}, "30;23": {"type": "grass", "variant": 8, "pos": [30, 23]}, "29;23": {"type": "grass", "variant": 8, "pos": [29, 23]}, "28;23": {"type": "grass", "variant": 8, "pos": [28, 23]}, "27;23": {"type": "grass", "variant": 8, "pos": [27, 23]}, "26;23": {"type": "grass", "variant": 8, "pos": [26, 23]}, "25;23": {"type": "grass", "variant": 8, "pos": [25, 23]}, "24;23": {"type": "grass", "variant": 8, "pos": [24, 23]}, "23;23": {"type": "grass", "variant": 8, "pos": [23, 23]}, "22;23": {"type": "grass", "variant": 8, "pos": [22, 23]}, "21;23": {"type": "grass", "variant": 8, "pos": [21, 23]}, "20;23": {"type": "grass", "variant": 8, "pos": [20, 23]}, "19;23": {"type": "grass", "variant": 8, "pos": [19, 23]}, "18;23": {"type": "grass", "variant": 8, "pos": [18, 23]}, "17;23": {"type": "grass", "variant": 8, "pos": [17, 23]}, "16;23": {"type": "grass", "variant": 8, "pos": [16, 23]}, "15;23": {"type": "grass", "variant": 8, "pos": [15, 23]}, "14;23": {"type": "grass", "variant": 8, "pos": [14, 23]}, "13;23": {"type": "grass", "variant": 8, "pos": [13, 23]}, "12;23": {"type": "grass", "variant": 8, "pos": [12, 23]}, "11;23": {"type": "grass", "variant": 8, "pos": [11, 23]}, "10;23": {"type": "grass", "variant": 8, "pos": [10, 23]}, "9;23": {"type": "grass", "variant": 8, "pos": [9, 23]}, "8;23": {"type": "grass", "variant": 7, "pos": [8, 23]}, "8;22": {"type": "grass", "variant": 7, "pos": [8, 22]}, "8;21": {"type": "grass", "variant": 7, "pos": [8, 21]}, "9;21": {"type": "grass", "variant": 8, "pos": [9, 21]}, "10;21": {"type": "grass", "variant": 8, "pos": [10, 21]}, "11;21": {"type": "grass", "variant": 8, "pos": [11, 21]}, "12;21": {"type": "grass", "variant": 8, "pos": [12, 21]}, "13;21": {"type": "grass", "variant": 8, "pos": [13, 21]}, "14;21": {"type": "grass", "variant": 8, "pos": [14, 21]}, "15;21": {"type": "grass", "variant": 8, "pos": [15, 21]}, "16;21": {"type": "grass", "variant": 8, "pos": [16, 21]}, "17;21": {"type": "grass", "variant": 8, "pos": [17, 21]}, "18;21": {"type": "grass", "variant": 8, "pos": [18, 21]}, "19;21": {"type": "grass", "variant": 8, "pos": [19, 21]}, "20;21": {"type": "grass", "variant": 8, "pos": [20, 21]}, "21;21": {"type": "grass", "variant": 8, "pos": [21, 21]}, "22;21": {"type": "grass", "variant": 8, "pos": [22, 21]}, "23;21": {"type": "grass", "variant": 8, "pos": [23, 21]}, "24;21": {"type": "grass", "variant": 8, "pos": [24, 21]}, "25;21": {"type": "grass", "variant": 8, "pos": [25, 21]}, "26;21": {"type": "grass", "variant": 8, "pos": [26, 21]}, "27;21": {"type": "grass", "variant": 8, "pos": [27, 21]}, "28;21": {"type": "grass", "variant": 8, "pos": [28, 21]}, "29;21": {"type": "grass", "variant": 8, "pos": [29, 21]}, "30;22": {"type": "grass", "variant": 8, "pos": [30, 22]}, "29;22": {"type": "grass", "variant": 8, "pos": [29, 22]}, "28;22": {"type": "grass", "variant": 8, "pos": [28, 22]}, "27;22": {"type": "grass", "variant": 8, "pos": [27, 22]}, "26;22": {"type": "grass", "variant": 8, "pos": [26, 22]}, "25;22": {"type": "grass", "variant": 8, "pos": [25, 22]}, "24;22": {"type": "grass", "variant": 8, "pos": [24, 22]}, "23;22": {"type": "grass", "variant": 8, "pos": [23, 22]}, "22;22": {"type": "grass", "variant": 8, "pos": [22, 22]}, "21;22": {"type": "grass", "variant": 8, "pos": [21, 22]}, "20;22": {"type": "grass", "variant": 8, "pos": [20, 22]}, "19;22": {"type": "grass", "variant": 8, "pos": [19, 22]}, "18;22": {"type": "grass", "variant": 8, "pos": [18, 22]}, "17;22": {"type": "grass", "variant": 8, "pos": [17, 22]}, "16;22": {"type": "grass", "variant": 8, "pos": [16, 22]}, "15;22": {"type": "grass", "variant": 8, "pos": [15, 22]}, "14;22": {"type": "grass", "variant": 8, "pos": [14, 22]}, "13;22": {"type": "grass", "variant": 8, "pos": [13, 22]}, "12;22": {"type": "grass", "variant": 8, "pos": [12, 22]}, "11;22": {"type": "grass", "variant": 8, "pos": [11, 22]}, "10;22": {"type": "grass", "variant": 8, "pos": [10, 22]}, "9;22": {"type": "grass", "variant": 8, "pos": [9, 22]}, "33;21": {"type": "grass", "variant": 8, "pos": [33, 21]}, "32;21": {"type": "grass", "variant": 8, "pos": [32, 21]}, "8;24": {"type": "grass", "variant": 7, "pos": [8, 24]}, "8;25": {"type": "grass", "variant": 7, "pos": [8, 25]}, "8;26": {"type": "grass", "variant": 7, "pos": [8, 26]}, "8;27": {"type": "grass", "variant": 6, "pos": [8, 27]}, "9;27": {"type": "grass", "variant": 5, "pos": [9, 27]}, "10;27": {"type": "grass", "variant": 5, "pos": [10, 27]}, "11;27": {"type": "grass", "variant": 5, "pos": [11, 27]}, "12;27": {"type": "grass", "variant": 5, "pos": [12, 27]}, "13;27": {"type": "grass", "variant": 5, "pos": [13, 27]}, "14;27": {"type": "grass", "variant": 5, "pos": [14, 27]}, "15;27": {"type": "grass", "variant": 5, "pos": [15, 27]}, "16;27": {"type": "grass", "variant": 5, "pos": [16, 27]}, "17;27": {"type": "grass", "variant": 5, "pos": [17, 27]}, "18;27": {"type": "grass", "variant": 5, "pos": [18, 27]}, "19;27": {"type": "grass", "variant": 5, "pos": [19, 27]}, "20;27": {"type": "grass", "variant": 5, "pos": [20, 27]}, "21;27": {"type": "grass", "variant": 5, "pos": [21, 27]}, "22;27": {"type": "grass", "variant": 5, "pos": [22, 27]}, "23;27": {"type": "grass", "variant": 5, "pos": [23, 27]}, "24;27": {"type": "grass", "variant": 5, "pos": [24, 27]}, "25;27": {"type": "grass", "variant": 5, "pos": [25, 27]}, "26;27": {"type": "grass", "variant": 5, "pos": [26, 27]}, "27;27": {"type": "grass", "variant": 5, "pos": [27, 27]}, "28;27": {"type": "grass", "variant": 5, "pos": [28, 27]}, "29;27": {"type": "grass", "variant": 5, "pos": [29, 27]}, "30;27": {"type": "grass", "variant": 5, "pos": [30, 27]}, "31;27": {"type": "grass", "variant": 5, "pos": [31, 27]}, "32;27": {"type": "grass", "variant": 5, "pos": [32, 27]}, "33;27": {"type": "grass", "variant": 5, "pos": [33, 27]}, "34;27": {"type": "grass", "variant": 5, "pos": [34, 27]}, "35;27": {"type": "grass", "variant": 4, "pos": [35, 27]}, "35;24": {"type": "grass", "variant": 8, "pos": [35, 24]}, "35;25": {"type": "grass", "variant": 8, "pos": [35, 25]}, "35;26": {"type": "grass", "variant": 8, "pos": [35, 26]}, "34;24": {"type": "grass", "variant": 8, "pos": [34, 24]}, "34;25": {"type": "grass", "variant": 8, "pos": [34, 25]}, "34;26": {"type": "grass", "variant": 8, "pos": [34, 26]}, "33;26": {"type": "grass", "variant": 8, "pos": [33, 26]}, "32;26": {"type": "grass", "variant": 8, "pos": [32, 26]}, "32;25": {"type": "grass", "variant": 8, "pos": [32, 25]}, "31;24": {"type": "grass", "variant": 8, "pos": [31, 24]}, "32;24": {"type": "grass", "variant": 8, "pos": [32, 24]}, "33;25": {"type": "grass", "variant": 8, "pos": [33, 25]}, "33;24": {"type": "grass", "variant": 8, "pos": [33, 24]}, "31;25": {"type": "grass", "variant": 8, "pos": [31, 25]}, "31;26": {"type": "grass", "variant": 8, "pos": [31, 26]}, "30;25": {"type": "grass", "variant": 8, "pos": [30, 25]}, "29;24": {"type": "grass", "variant": 8, "pos": [29, 24]}, "30;24": {"type": "grass", "variant": 8, "pos": [30, 24]}, "29;25": {"type": "grass", "variant": 8, "pos": [29, 25]}, "28;25": {"type": "grass", "variant": 8, "pos": [28, 25]}, "27;25": {"type": "grass", "variant": 8, "pos": [27, 25]}, "26;25": {"type": "grass", "variant": 8, "pos": [26, 25]}, "25;25": {"type": "grass", "variant": 8, "pos": [25, 25]}, "24;25": {"type": "grass", "variant": 8, "pos": [24, 25]}, "23;25": {"type": "grass", "variant": 8, "pos": [23, 25]}, "22;25": {"type": "grass", "variant": 8, "pos": [22, 25]}, "21;25": {"type": "grass", "variant": 8, "pos": [21, 25]}, "20;25": {"type": "grass", "variant": 8, "pos": [20, 25]}, "19;25": {"type": "grass", "variant": 8, "pos": [19, 25]}, "19;24": {"type": "grass", "variant": 8, "pos": [19, 24]}, "18;24": {"type": "grass", "variant": 8, "pos": [18, 24]}, "17;24": {"type": "grass", "variant": 8, "pos": [17, 24]}, "16;24": {"type": "grass", "variant": 8, "pos": [16, 24]}, "15;24": {"type": "grass", "variant": 8, "pos": [15, 24]}, "14;24": {"type": "grass", "variant": 8, "pos": [14, 24]}, "20;24": {"type": "grass", "variant": 8, "pos": [20, 24]}, "21;24": {"type": "grass", "variant": 8, "pos": [21, 24]}, "22;24": {"type": "grass", "variant": 8, "pos": [22, 24]}, "23;24": {"type": "grass", "variant": 8, "pos": [23, 24]}, "24;24": {"type": "grass", "variant": 8, "pos": [24, 24]}, "25;24": {"type": "grass", "variant": 8, "pos": [25, 24]}, "26;24": {"type": "grass", "variant": 8, "pos": [26, 24]}, "27;24": {"type": "grass", "variant": 8, "pos": [27, 24]}, "28;24": {"type": "grass", "variant": 8, "pos": [28, 24]}, "30;26": {"type": "grass", "variant": 8, "pos": [30, 26]}, "29;26": {"type": "grass", "variant": 8, "pos": [29, 26]}, "28;26": {"type": "grass", "variant": 8, "pos": [28, 26]}, "27;26": {"type": "grass", "variant": 8, "pos": [27, 26]}, "26;26": {"type": "grass", "variant": 8, "pos": [26, 26]}, "25;26": {"type": "grass", "variant": 8, "pos": [25, 26]}, "24;26": {"type": "grass", "variant": 8, "pos": [24, 26]}, "22;26": {"type": "grass", "variant": 8, "pos": [22, 26]}, "21;26": {"type": "grass", "variant": 8, "pos": [21, 26]}, "20;26": {"type": "grass", "variant": 8, "pos": [20, 26]}, "18;25": {"type": "grass", "variant": 8, "pos": [18, 25]}, "17;25": {"type": "grass", "variant": 8, "pos": [17, 25]}, "16;25": {"type": "grass", "variant": 8, "pos": [16, 25]}, "23;26": {"type": "grass", "variant": 8, "pos": [23, 26]}, "19;26": {"type": "grass", "variant": 8, "pos": [19, 26]}, "18;26": {"type": "grass", "variant": 8, "pos": [18, 26]}, "17;26": {"type": "grass", "variant": 8, "pos": [17, 26]}, "15;26": {"type": "grass", "variant": 8, "pos": [15, 26]}, "14;26": {"type": "grass", "variant": 8, "pos": [14, 26]}, "13;26": {"type": "grass", "variant": 8, "pos": [13, 26]}, "12;26": {"type": "grass", "variant": 8, "pos": [12, 26]}, "11;26": {"type": "grass", "variant": 8, "pos": [11, 26]}, "10;26": {"type": "grass", "variant": 8, "pos": [10, 26]}, "10;25": {"type": "grass", "variant": 8, "pos": [10, 25]}, "10;24": {"type": "grass", "variant": 8, "pos": [10, 24]}, "11;24": {"type": "grass", "variant": 8, "pos": [11, 24]}, "15;25": {"type": "grass", "variant": 8, "pos": [15, 25]}, "14;25": {"type": "grass", "variant": 8, "pos": [14, 25]}, "13;25": {"type": "grass", "variant": 8, "pos": [13, 25]}, "12;25": {"type": "grass", "variant": 8, "pos": [12, 25]}, "11;25": {"type": "grass", "variant": 8, "pos": [11, 25]}, "12;24": {"type": "grass", "variant": 8, "pos": [12, 24]}, "13;24": {"type": "grass", "variant": 8, "pos": [13, 24]}, "16;26": {"type": "grass", "variant": 8, "pos": [16, 26]}, "9;24": {"type": "grass", "variant": 8, "pos": [9, 24]}, "9;26": {"type": "grass", "variant": 8, "pos": [9, 26]}, "9;25": {"type": "grass", "variant": 8, "pos": [9, 25]}, "30;16": {"type": "grass", "variant": 6, "pos": [30, 16]}, "36;19": {"type": "grass", "variant": 1, "pos": [36, 19]}, "37;19": {"type": "grass", "variant": 1, "pos": [37, 19]}, "37;20": {"type": "grass", "variant": 8, "pos": [37, 20]}, "37;21": {"type": "grass", "variant": 8, "pos": [37, 21]}, "37;22": {"type": "grass", "variant": 8, "pos": [37, 22]}, "36;22": {"type": "grass", "variant": 8, "pos": [36, 22]}, "36;21": {"type": "grass", "variant": 8, "pos": [36, 21]}, "36;20": {"type": "grass", "variant": 8, "pos": [36, 20]}, "38;20": {"type": "grass", "variant": 8, "pos": [38, 20]}, "38;19": {"type": "grass", "variant": 1, "pos": [38, 19]}, "39;19": {"type": "grass", "variant": 2, "pos": [39, 19]}, "39;20": {"type": "grass", "variant": 3, "pos": [39, 20]}, "38;21": {"type": "grass", "variant": 8, "pos": [38, 21]}, "38;22": {"type": "grass", "variant": 8, "pos": [38, 22]}, "39;22": {"type": "grass", "variant": 3, "pos": [39, 22]}, "39;21": {"type": "grass", "variant": 3, "pos": [39, 21]}, "39;23": {"type": "grass", "variant": 4, "pos": [39, 23]}, "38;23": {"type": "grass", "variant": 8, "pos": [38, 23]}, "37;23": {"type": "grass", "variant": 8, "pos": [37, 23]}, "36;23": {"type": "grass", "variant": 8, "pos": [36, 23]}, "36;24": {"type": "grass", "variant": 8, "pos": [36, 24]}, "37;24": {"type": "grass", "variant": 8, "pos": [37, 24]}, "37;25": {"type": "grass", "variant": 4, "pos": [37, 25]}, "36;25": {"type": "grass", "variant": 8, "pos": [36, 25]}, "38;24": {"type": "grass", "variant": 4, "pos": [38, 24]}, "36;26": {"type": "grass", "variant": 4, "pos": [36, 26]}, "41;19": {"type": "grass", "variant": 0, "pos": [41, 19]}, "44;19": {"type": "grass", "variant": 0, "pos": [44, 19]}, "49;19": {"type": "grass", "variant": 0, "pos": [49, 19]}, "56;19": {"type": "grass", "variant": 0, "pos": [56, 19]}, "62;19": {"type": "grass", "variant": 0, "pos": [62, 19]}, "62;20": {"type": "grass", "variant": 6, "pos": [62, 20]}, "63;21": {"type": "grass", "variant": 6, "pos": [63, 21]}, "64;20": {"type": "grass", "variant": 8, "pos": [64, 20]}, "65;20": {"type": "grass", "variant": 8, "pos": [65, 20]}, "65;19": {"type": "grass", "variant": 2, "pos": [65, 19]}, "63;20": {"type": "grass", "variant": 8, "pos": [63, 20]}, "66;20": {"type": "grass", "variant": 2, "pos": [66, 20]}, "64;19": {"type": "grass", "variant": 1, "pos": [64, 19]}, "63;19": {"type": "grass", "variant": 1, "pos": [63, 19]}, "65;21": {"type": "grass", "variant": 5, "pos": [65, 21]}, "66;21": {"type": "grass", "variant": 4, "pos": [66, 21]}, "64;21": {"type": "grass", "variant": 5, "pos": [64, 21]}, "65;16": {"type": "grass", "variant": 6, "pos": [65, 16]}, "65;15": {"type": "grass", "variant": 7, "pos": [65, 15]}, "65;14": {"type": "grass", "variant": 0, "pos": [65, 14]}, "66;13": {"type": "grass", "variant": 7, "pos": [66, 13]}, "66;12": {"type": "grass", "variant": 7, "pos": [66, 12]}, "66;11": {"type": "grass", "variant": 7, "pos": [66, 11]}, "66;10": {"type": "grass", "variant": 8, "pos": [66, 10]}, "66;14": {"type": "grass", "variant": 8, "pos": [66, 14]}, "66;15": {"type": "grass", "variant": 3, "pos": [66, 15]}, "66;16": {"type": "grass", "variant": 4, "pos": [66, 16]}, "67;11": {"type": "grass", "variant": 3, "pos": [67, 11]}, "67;10": {"type": "grass", "variant": 3, "pos": [67, 10]}, "67;12": {"type": "grass", "variant": 3, "pos": [67, 12]}, "67;13": {"type": "grass", "variant": 3, "pos": [67, 13]}, "67;14": {"type": "grass", "variant": 4, "pos": [67, 14]}, "65;10": {"type": "grass", "variant": 6, "pos": [65, 10]}, "62;7": {"type": "grass", "variant": 4, "pos": [62, 7]}, "62;6": {"type": "grass", "variant": 3, "pos": [62, 6]}, "62;11": {"type": "grass", "variant": 2, "pos": [62, 11]}, "62;12": {"type": "grass", "variant": 4, "pos": [62, 12]}, "61;7": {"type": "grass", "variant": 8, "pos": [61, 7]}, "61;8": {"type": "grass", "variant": 3, "pos": [61, 8]}, "61;9": {"type": "grass", "variant": 3, "pos": [61, 9]}, "61;10": {"type": "grass", "variant": 3, "pos": [61, 10]}, "61;11": {"type": "grass", "variant": 8, "pos": [61, 11]}, "61;12": {"type": "grass", "variant": 5, "pos": [61, 12]}, "61;6": {"type": "grass", "variant": 8, "pos": [61, 6]}, "60;6": {"type": "grass", "variant": 7, "pos": [60, 6]}, "60;7": {"type": "grass", "variant": 7, "pos": [60, 7]}, "60;8": {"type": "grass", "variant": 7, "pos": [60, 8]}, "60;9": {"type": "grass", "variant": 7, "pos": [60, 9]}, "60;10": {"type": "grass", "variant": 7, "pos": [60, 10]}, "60;11": {"type": "grass", "variant": 7, "pos": [60, 11]}, "60;12": {"type": "grass", "variant": 6, "pos": [60, 12]}, "65;9": {"type": "grass", "variant": 7, "pos": [65, 9]}, "65;4": {"type": "grass", "variant": 6, "pos": [65, 4]}, "66;9": {"type": "grass", "variant": 8, "pos": [66, 9]}, "67;9": {"type": "grass", "variant": 3, "pos": [67, 9]}, "67;8": {"type": "grass", "variant": 3, "pos": [67, 8]}, "67;7": {"type": "grass", "variant": 3, "pos": [67, 7]}, "67;6": {"type": "grass", "variant": 3, "pos": [67, 6]}, "67;5": {"type": "grass", "variant": 3, "pos": [67, 5]}, "67;4": {"type": "grass", "variant": 3, "pos": [67, 4]}, "66;4": {"type": "grass", "variant": 8, "pos": [66, 4]}, "66;5": {"type": "grass", "variant": 7, "pos": [66, 5]}, "66;6": {"type": "grass", "variant": 7, "pos": [66, 6]}, "66;7": {"type": "grass", "variant": 7, "pos": [66, 7]}, "66;8": {"type": "grass", "variant": 8, "pos": [66, 8]}, "65;8": {"type": "grass", "variant": 0, "pos": [65, 8]}, "65;3": {"type": "grass", "variant": 7, "pos": [65, 3]}, "66;2": {"type": "grass", "variant": 8, "pos": [66, 2]}, "66;3": {"type": "grass", "variant": 8, "pos": [66, 3]}, "67;3": {"type": "grass", "variant": 3, "pos": [67, 3]}, "65;2": {"type": "grass", "variant": 7, "pos": [65, 2]}, "67;2": {"type": "grass", "variant": 3, "pos": [67, 2]}, "62;5": {"type": "grass", "variant": 2, "pos": [62, 5]}, "62;1": {"type": "grass", "variant": 4, "pos": [62, 1]}, "61;1": {"type": "grass", "variant": 8, "pos": [61, 1]}, "61;2": {"type": "grass", "variant": 3, "pos": [61, 2]}, "60;2": {"type": "grass", "variant": 7, "pos": [60, 2]}, "60;3": {"type": "grass", "variant": 7, "pos": [60, 3]}, "60;4": {"type": "grass", "variant": 7, "pos": [60, 4]}, "60;5": {"type": "grass", "variant": 7, "pos": [60, 5]}, "61;5": {"type": "grass", "variant": 8, "pos": [61, 5]}, "61;4": {"type": "grass", "variant": 3, "pos": [61, 4]}, "61;3": {"type": "grass", "variant": 3, "pos": [61, 3]}, "60;1": {"type": "grass", "variant": 7, "pos": [60, 1]}, "60;0": {"type": "grass", "variant": 7, "pos": [60, 0]}, "61;0": {"type": "grass", "variant": 8, "pos": [61, 0]}, "65;1": {"type": "grass", "variant": 7, "pos": [65, 1]}, "66;0": {"type": "grass", "variant": 8, "pos": [66, 0]}, "67;0": {"type": "grass", "variant": 3, "pos": [67, 0]}, "67;1": {"type": "grass", "variant": 3, "pos": [67, 1]}, "66;1": {"type": "grass", "variant": 8, "pos": [66, 1]}, "61;-1": {"type": "grass", "variant": 3, "pos": [61, -1]}, "60;-1": {"type": "grass", "variant": 7, "pos": [60, -1]}, "60;-2": {"type": "grass", "variant": 7, "pos": [60, -2]}, "61;-2": {"type": "grass", "variant": 3, "pos": [61, -2]}, "66;-2": {"type": "grass", "variant": 7, "pos": [66, -2]}, "67;-2": {"type": "grass", "variant": 3, "pos": [67, -2]}, "67;-1": {"type": "grass", "variant": 3, "pos": [67, -1]}, "66;-1": {"type": "grass", "variant": 7, "pos": [66, -1]}, "66;-3": {"type": "grass", "variant": 0, "pos": [66, -3]}, "67;-3": {"type": "grass", "variant": 2, "pos": [67, -3]}, "61;-3": {"type": "grass", "variant": 2, "pos": [61, -3]}, "60;-3": {"type": "grass", "variant": 0, "pos": [60, -3]}, "62;0": {"type": "grass", "variant": 2, "pos": [62, 0]}, "65;0": {"type": "grass", "variant": 0, "pos": [65, 0]}, "62;-7": {"type": "stone", "variant": 0, "pos": [62, -7]}, "63;-7": {"type": "stone", "variant": 1, "pos": [63, -7]}, "64;-7": {"type": "stone", "variant": 1, "pos": [64, -7]}, "65;-7": {"type": "stone", "variant": 2, "pos": [65, -7]}, "65;-6": {"type": "stone", "variant": 4, "pos": [65, -6]}, "64;-6": {"type": "stone", "variant": 5, "pos": [64, -6]}, "63;-6": {"type": "stone", "variant": 5, "pos": [63, -6]}, "62;-6": {"type": "stone", "variant": 6, "pos": [62, -6]}, "15;3": {"type": "grass", "variant": 1, "pos": [15, 3]}, "15;4": {"type": "grass", "variant": 8, "pos": [15, 4]}, "16;4": {"type": "grass", "variant": 8, "pos": [16, 4]}, "17;4": {"type": "grass", "variant": 8, "pos": [17, 4]}, "18;4": {"type": "grass", "variant": 8, "pos": [18, 4]}, "19;4": {"type": "grass", "variant": 8, "pos": [19, 4]}, "20;4": {"type": "grass", "variant": 8, "pos": [20, 4]}, "21;4": {"type": "grass", "variant": 8, "pos": [21, 4]}, "22;4": {"type": "grass", "variant": 8, "pos": [22, 4]}, "23;4": {"type": "grass", "variant": 8, "pos": [23, 4]}, "24;4": {"type": "grass", "variant": 8, "pos": [24, 4]}, "23;3": {"type": "grass", "variant": 1, "pos": [23, 3]}, "22;3": {"type": "grass", "variant": 1, "pos": [22, 3]}, "21;3": {"type": "grass", "variant": 1, "pos": [21, 3]}, "20;3": {"type": "grass", "variant": 1, "pos": [20, 3]}, "19;3": {"type": "grass", "variant": 1, "pos": [19, 3]}, "18;3": {"type": "grass", "variant": 1, "pos": [18, 3]}, "17;3": {"type": "grass", "variant": 1, "pos": [17, 3]}, "16;3": {"type": "grass", "variant": 1, "pos": [16, 3]}, "15;5": {"type": "grass", "variant": 8, "pos": [15, 5]}, "16;5": {"type": "grass", "variant": 8, "pos": [16, 5]}, "17;5": {"type": "grass", "variant": 8, "pos": [17, 5]}, "18;5": {"type": "grass", "variant": 8, "pos": [18, 5]}, "19;5": {"type": "grass", "variant": 8, "pos": [19, 5]}, "20;5": {"type": "grass", "variant": 8, "pos": [20, 5]}, "21;5": {"type": "grass", "variant": 8, "pos": [21, 5]}, "22;5": {"type": "grass", "variant": 8, "pos": [22, 5]}, "23;5": {"type": "grass", "variant": 8, "pos": [23, 5]}, "24;5": {"type": "grass", "variant": 8, "pos": [24, 5]}, "24;6": {"type": "grass", "variant": 8, "pos": [24, 6]}, "23;6": {"type": "grass", "variant": 8, "pos": [23, 6]}, "22;6": {"type": "grass", "variant": 8, "pos": [22, 6]}, "21;6": {"type": "grass", "variant": 8, "pos": [21, 6]}, "20;6": {"type": "grass", "variant": 8, "pos": [20, 6]}, "19;6": {"type": "grass", "variant": 8, "pos": [19, 6]}, "18;6": {"type": "grass", "variant": 8, "pos": [18, 6]}, "17;6": {"type": "grass", "variant": 8, "pos": [17, 6]}, "16;6": {"type": "grass", "variant": 8, "pos": [16, 6]}, "15;6": {"type": "grass", "variant": 8, "pos": [15, 6]}, "15;7": {"type": "grass", "variant": 8, "pos": [15, 7]}, "16;7": {"type": "grass", "variant": 8, "pos": [16, 7]}, "17;7": {"type": "grass", "variant": 8, "pos": [17, 7]}, "18;7": {"type": "grass", "variant": 8, "pos": [18, 7]}, "19;7": {"type": "grass", "variant": 8, "pos": [19, 7]}, "20;7": {"type": "grass", "variant": 8, "pos": [20, 7]}, "21;7": {"type": "grass", "variant": 8, "pos": [21, 7]}, "22;7": {"type": "grass", "variant": 8, "pos": [22, 7]}, "23;7": {"type": "grass", "variant": 8, "pos": [23, 7]}, "24;7": {"type": "grass", "variant": 8, "pos": [24, 7]}, "25;7": {"type": "grass", "variant": 8, "pos": [25, 7]}, "24;3": {"type": "grass", "variant": 1, "pos": [24, 3]}, "25;3": {"type": "grass", "variant": 1, "pos": [25, 3]}, "26;3": {"type": "grass", "variant": 2, "pos": [26, 3]}, "26;4": {"type": "grass", "variant": 8, "pos": [26, 4]}, "27;4": {"type": "grass", "variant": 2, "pos": [27, 4]}, "27;5": {"type": "grass", "variant": 8, "pos": [27, 5]}, "26;5": {"type": "grass", "variant": 8, "pos": [26, 5]}, "25;6": {"type": "grass", "variant": 8, "pos": [25, 6]}, "25;5": {"type": "grass", "variant": 8, "pos": [25, 5]}, "25;4": {"type": "grass", "variant": 8, "pos": [25, 4]}, "26;6": {"type": "grass", "variant": 8, "pos": [26, 6]}, "26;7": {"type": "grass", "variant": 8, "pos": [26, 7]}, "27;7": {"type": "grass", "variant": 8, "pos": [27, 7]}, "28;6": {"type": "grass", "variant": 8, "pos": [28, 6]}, "27;6": {"type": "grass", "variant": 8, "pos": [27, 6]}, "28;7": {"type": "grass", "variant": 8, "pos": [28, 7]}, "28;5": {"type": "grass", "variant": 1, "pos": [28, 5]}, "29;5": {"type": "grass", "variant": 2, "pos": [29, 5]}, "29;6": {"type": "grass", "variant": 8, "pos": [29, 6]}, "29;7": {"type": "grass", "variant": 8, "pos": [29, 7]}, "30;7": {"type": "grass", "variant": 8, "pos": [30, 7]}, "30;6": {"type": "grass", "variant": 2, "pos": [30, 6]}, "31;7": {"type": "grass", "variant": 2, "pos": [31, 7]}}, "tile_size": 16, "offgrid": [{"type": "spawners", "variant": 0, "pos": [100.25, 109.5]}, {"type": "large_decor", "variant": 2, "pos": [153.5, 85.75]}, {"type": "large_decor", "variant": 1, "pos": [119.75, 116.25]}, {"type": "decor", "variant": 0, "pos": [150.25, 113.75]}, {"type": "decor", "variant": 1, "pos": [163.25, 112.75]}, {"type": "spawners", "variant": 2, "pos": [208.5, 257.25]}, {"type": "spawners", "variant": 2, "pos": [242.0, 257.75]}, {"type": "spawners", "variant": 2, "pos": [273.75, 257.75]}, {"type": "spawners", "variant": 2, "pos": [305.0, 257.0]}, {"type": "spawners", "variant": 2, "pos": [337.0, 256.75]}, {"type": "spawners", "variant": 2, "pos": [369.75, 257.75]}, {"type": "spawners", "variant": 2, "pos": [402.0, 256.75]}, {"type": "spawners", "variant": 2, "pos": [432.25, 257.0]}, {"type": "spawners", "variant": 2, "pos": [464.75, 256.5]}, {"type": "spawners", "variant": 2, "pos": [496.75, 256.0]}, {"type": "spawners", "variant": 2, "pos": [528.5, 256.5]}, {"type": "spawners", "variant": 1, "pos": [547.75, 283.0]}, {"type": "spawners", "variant": 1, "pos": [457.25, 282.25]}, {"type": "spawners", "variant": 1, "pos": [361.75, 282.0]}, {"type": "spawners", "variant": 1, "pos": [263.75, 282.0]}, {"type": "spawners", "variant": 3, "pos": [605.75, 266.75]}, {"type": "spawners", "variant": 2, "pos": [1019.75, -177.25]}, {"type": "spawners", "variant": 1, "pos": [1011.5, -134.25]}, {"type": "spawners", "variant": 2, "pos": [1014.25, -71.0]}, {"type": "spawners", "variant": 1, "pos": [993.75, -20.75]}, {"type": "spawners", "variant": 1, "pos": [1042.0, -22.5]}, {"type": "spawners", "variant": 1, "pos": [992.75, 57.75]}, {"type": "spawners", "variant": 1, "pos": [1042.25, 105.75]}, {"type": "spawners", "variant": 1, "pos": [993.0, 153.25]}, {"type": "spawners", "variant": 1, "pos": [1042.75, 203.5]}, {"type": "spawners", "variant": 1, "pos": [1041.0, 280.0]}, {"type": "spawners", "variant": 2, "pos": [998.75, 230.0]}, {"type": "spawners", "variant": 2, "pos": [899.25, 225.5]}, {"type": "spawners", "variant": 1, "pos": [705.25, 285.25]}, {"type": "large_decor", "variant": 1, "pos": [582.25, 294.5]}, {"type": "large_decor", "variant": 2, "pos": [566.5, 263.0]}, {"type": "large_decor", "variant": 0, "pos": [1009.5, 295.5]}, {"type": "large_decor", "variant": 2, "pos": [955.25, -83.25]}, {"type": "large_decor", "variant": 0, "pos": [1021.75, -119.25]}, {"type": "decor", "variant": 0, "pos": [1036.5, -128.25]}, {"type": "decor", "variant": 2, "pos": [1022.0, -128.0]}, {"type": "decor", "variant": 2, "pos": [972.5, -63.25]}, {"type": "decor", "variant": 2, "pos": [1059.75, -63.25]}, {"type": "decor", "variant": 0, "pos": [1067.75, -63.5]}, {"type": "decor", "variant": 2, "pos": [999.25, 289.25]}, {"type": "decor", "variant": 3, "pos": [1053.75, 304.25]}, {"type": "decor", "variant": 0, "pos": [657.75, 288.25]}, {"type": "decor", "variant": 1, "pos": [586.5, 292.75]}, {"type": "decor", "variant": 2, "pos": [560.5, 290.5]}, {"type": "decor", "variant": 2, "pos": [343.25, 288.25]}, {"type": "decor", "variant": 0, "pos": [288.5, 290.0]}, {"type": "decor", "variant": 0, "pos": [206.75, 289.0]}, {"type": "decor", "variant": 1, "pos": [448.0, 289.0]}, {"type": "decor", "variant": 1, "pos": [495.5, 290.5]}, {"type": "decor", "variant": 2, "pos": [495.5, 289.5]}, {"type": "large_decor", "variant": 0, "pos": [383.75, 296.0]}, {"type": "large_decor", "variant": 0, "pos": [39.0, 40.0]}, {"type": "large_decor", "variant": 0, "pos": [233.0, 39.75]}, {"type": "large_decor", "variant": 0, "pos": [151.75, 24.0]}, {"type": "large_decor", "variant": 2, "pos": [143.5, -8.0]}, {"type": "large_decor", "variant": 2, "pos": [85.5, -8.25]}, {"type": "large_decor", "variant": 2, "pos": [62.75, 5.5]}, {"type": "large_decor", "variant": 2, "pos": [274.0, 8.0]}, {"type": "large_decor", "variant": 1, "pos": [223.75, 36.0]}, {"type": "large_decor", "variant": 1, "pos": [176.5, 23.25]}, {"type": "large_decor", "variant": 1, "pos": [13.75, 53.0]}, {"type": "decor", "variant": 0, "pos": [33.0, 32.5]}, {"type": "decor", "variant": 1, "pos": [39.75, 31.5]}, {"type": "decor", "variant": 2, "pos": [55.0, 31.25]}, {"type": "decor", "variant": 2, "pos": [101.0, 17.25]}, {"type": "decor", "variant": 2, "pos": [187.75, 17.5]}, {"type": "decor", "variant": 2, "pos": [238.75, 30.5]}, {"type": "decor", "variant": 2, "pos": [274.25, 33.0]}, {"type": "decor", "variant": 0, "pos": [161.25, 18.25]}, {"type": "large_decor", "variant": 1, "pos": [326.75, 37.25]}, {"type": "large_decor", "variant": 2, "pos": [333.5, 5.25]}, {"type": "decor", "variant": 3, "pos": [303.75, 33.5]}, {"type": "decor", "variant": 3, "pos": [186.5, 17.5]}]}