{"tilemap": {"8;9": {"type": "grass", "variant": 8, "pos": [8, 9]}, "8;8": {"type": "grass", "variant": 1, "pos": [8, 8]}, "7;8": {"type": "grass", "variant": 1, "pos": [7, 8]}, "9;8": {"type": "grass", "variant": 1, "pos": [9, 8]}, "9;9": {"type": "grass", "variant": 8, "pos": [9, 9]}, "10;9": {"type": "grass", "variant": 3, "pos": [10, 9]}, "7;9": {"type": "grass", "variant": 8, "pos": [7, 9]}, "6;9": {"type": "grass", "variant": 6, "pos": [6, 9]}, "10;8": {"type": "grass", "variant": 2, "pos": [10, 8]}, "9;10": {"type": "grass", "variant": 8, "pos": [9, 10]}, "10;10": {"type": "grass", "variant": 3, "pos": [10, 10]}, "8;10": {"type": "grass", "variant": 5, "pos": [8, 10]}, "7;10": {"type": "grass", "variant": 6, "pos": [7, 10]}, "10;11": {"type": "grass", "variant": 4, "pos": [10, 11]}, "9;11": {"type": "grass", "variant": 6, "pos": [9, 11]}, "6;8": {"type": "grass", "variant": 0, "pos": [6, 8]}, "-2;11": {"type": "border", "variant": 0, "pos": [-2, 11]}, "-2;7": {"type": "border", "variant": 0, "pos": [-2, 7]}, "-2;3": {"type": "border", "variant": 0, "pos": [-2, 3]}, "6;16": {"type": "border", "variant": 1, "pos": [6, 16]}, "12;16": {"type": "border", "variant": 1, "pos": [12, 16]}, "18;16": {"type": "border", "variant": 1, "pos": [18, 16]}, "24;16": {"type": "border", "variant": 1, "pos": [24, 16]}, "13;8": {"type": "grass", "variant": 0, "pos": [13, 8]}, "14;8": {"type": "grass", "variant": 1, "pos": [14, 8]}, "15;8": {"type": "grass", "variant": 1, "pos": [15, 8]}, "16;8": {"type": "grass", "variant": 1, "pos": [16, 8]}, "17;8": {"type": "grass", "variant": 1, "pos": [17, 8]}, "18;8": {"type": "grass", "variant": 1, "pos": [18, 8]}, "19;8": {"type": "grass", "variant": 1, "pos": [19, 8]}, "20;8": {"type": "grass", "variant": 1, "pos": [20, 8]}, "21;8": {"type": "grass", "variant": 1, "pos": [21, 8]}, "19;9": {"type": "grass", "variant": 8, "pos": [19, 9]}, "18;9": {"type": "grass", "variant": 8, "pos": [18, 9]}, "17;9": {"type": "grass", "variant": 8, "pos": [17, 9]}, "16;9": {"type": "grass", "variant": 8, "pos": [16, 9]}, "15;9": {"type": "grass", "variant": 8, "pos": [15, 9]}, "14;9": {"type": "grass", "variant": 8, "pos": [14, 9]}, "13;9": {"type": "grass", "variant": 7, "pos": [13, 9]}, "20;9": {"type": "grass", "variant": 8, "pos": [20, 9]}, "21;9": {"type": "grass", "variant": 8, "pos": [21, 9]}, "19;10": {"type": "grass", "variant": 8, "pos": [19, 10]}, "18;10": {"type": "grass", "variant": 8, "pos": [18, 10]}, "17;10": {"type": "grass", "variant": 8, "pos": [17, 10]}, "16;10": {"type": "grass", "variant": 8, "pos": [16, 10]}, "15;10": {"type": "grass", "variant": 8, "pos": [15, 10]}, "14;10": {"type": "grass", "variant": 8, "pos": [14, 10]}, "13;10": {"type": "grass", "variant": 6, "pos": [13, 10]}, "20;10": {"type": "grass", "variant": 8, "pos": [20, 10]}, "21;10": {"type": "grass", "variant": 8, "pos": [21, 10]}, "22;10": {"type": "grass", "variant": 8, "pos": [22, 10]}, "21;11": {"type": "grass", "variant": 5, "pos": [21, 11]}, "20;11": {"type": "grass", "variant": 5, "pos": [20, 11]}, "19;11": {"type": "grass", "variant": 5, "pos": [19, 11]}, "18;11": {"type": "grass", "variant": 5, "pos": [18, 11]}, "17;11": {"type": "grass", "variant": 5, "pos": [17, 11]}, "16;11": {"type": "grass", "variant": 5, "pos": [16, 11]}, "15;11": {"type": "grass", "variant": 5, "pos": [15, 11]}, "14;11": {"type": "grass", "variant": 6, "pos": [14, 11]}, "22;11": {"type": "grass", "variant": 5, "pos": [22, 11]}, "22;9": {"type": "grass", "variant": 8, "pos": [22, 9]}, "22;8": {"type": "grass", "variant": 1, "pos": [22, 8]}, "23;8": {"type": "grass", "variant": 1, "pos": [23, 8]}, "24;8": {"type": "grass", "variant": 1, "pos": [24, 8]}, "25;8": {"type": "grass", "variant": 1, "pos": [25, 8]}, "25;9": {"type": "grass", "variant": 8, "pos": [25, 9]}, "24;9": {"type": "grass", "variant": 8, "pos": [24, 9]}, "26;9": {"type": "grass", "variant": 8, "pos": [26, 9]}, "23;9": {"type": "grass", "variant": 8, "pos": [23, 9]}, "27;9": {"type": "grass", "variant": 8, "pos": [27, 9]}, "28;9": {"type": "grass", "variant": 8, "pos": [28, 9]}, "29;9": {"type": "grass", "variant": 8, "pos": [29, 9]}, "30;9": {"type": "grass", "variant": 8, "pos": [30, 9]}, "31;9": {"type": "grass", "variant": 8, "pos": [31, 9]}, "32;9": {"type": "grass", "variant": 8, "pos": [32, 9]}, "33;9": {"type": "grass", "variant": 8, "pos": [33, 9]}, "34;9": {"type": "grass", "variant": 8, "pos": [34, 9]}, "35;9": {"type": "grass", "variant": 8, "pos": [35, 9]}, "30;8": {"type": "grass", "variant": 1, "pos": [30, 8]}, "29;8": {"type": "grass", "variant": 1, "pos": [29, 8]}, "28;8": {"type": "grass", "variant": 1, "pos": [28, 8]}, "26;8": {"type": "grass", "variant": 1, "pos": [26, 8]}, "27;8": {"type": "grass", "variant": 1, "pos": [27, 8]}, "31;8": {"type": "grass", "variant": 1, "pos": [31, 8]}, "32;8": {"type": "grass", "variant": 1, "pos": [32, 8]}, "33;8": {"type": "grass", "variant": 1, "pos": [33, 8]}, "34;8": {"type": "grass", "variant": 1, "pos": [34, 8]}, "35;8": {"type": "grass", "variant": 1, "pos": [35, 8]}, "23;10": {"type": "grass", "variant": 8, "pos": [23, 10]}, "24;10": {"type": "grass", "variant": 8, "pos": [24, 10]}, "25;10": {"type": "grass", "variant": 8, "pos": [25, 10]}, "26;10": {"type": "grass", "variant": 8, "pos": [26, 10]}, "27;10": {"type": "grass", "variant": 8, "pos": [27, 10]}, "28;10": {"type": "grass", "variant": 8, "pos": [28, 10]}, "30;10": {"type": "grass", "variant": 8, "pos": [30, 10]}, "31;10": {"type": "grass", "variant": 8, "pos": [31, 10]}, "32;10": {"type": "grass", "variant": 8, "pos": [32, 10]}, "33;10": {"type": "grass", "variant": 8, "pos": [33, 10]}, "34;10": {"type": "grass", "variant": 8, "pos": [34, 10]}, "23;11": {"type": "grass", "variant": 5, "pos": [23, 11]}, "24;11": {"type": "grass", "variant": 5, "pos": [24, 11]}, "25;11": {"type": "grass", "variant": 5, "pos": [25, 11]}, "26;11": {"type": "grass", "variant": 5, "pos": [26, 11]}, "27;11": {"type": "grass", "variant": 5, "pos": [27, 11]}, "28;11": {"type": "grass", "variant": 5, "pos": [28, 11]}, "29;11": {"type": "grass", "variant": 5, "pos": [29, 11]}, "30;11": {"type": "grass", "variant": 5, "pos": [30, 11]}, "35;10": {"type": "grass", "variant": 8, "pos": [35, 10]}, "36;10": {"type": "grass", "variant": 8, "pos": [36, 10]}, "37;10": {"type": "grass", "variant": 8, "pos": [37, 10]}, "29;10": {"type": "grass", "variant": 8, "pos": [29, 10]}, "35;11": {"type": "grass", "variant": 5, "pos": [35, 11]}, "36;11": {"type": "grass", "variant": 5, "pos": [36, 11]}, "38;10": {"type": "grass", "variant": 8, "pos": [38, 10]}, "39;10": {"type": "grass", "variant": 8, "pos": [39, 10]}, "40;10": {"type": "grass", "variant": 8, "pos": [40, 10]}, "41;10": {"type": "grass", "variant": 8, "pos": [41, 10]}, "40;9": {"type": "grass", "variant": 8, "pos": [40, 9]}, "39;9": {"type": "grass", "variant": 8, "pos": [39, 9]}, "38;9": {"type": "grass", "variant": 8, "pos": [38, 9]}, "37;9": {"type": "grass", "variant": 8, "pos": [37, 9]}, "36;9": {"type": "grass", "variant": 8, "pos": [36, 9]}, "37;8": {"type": "grass", "variant": 1, "pos": [37, 8]}, "38;8": {"type": "grass", "variant": 1, "pos": [38, 8]}, "39;8": {"type": "grass", "variant": 1, "pos": [39, 8]}, "40;8": {"type": "grass", "variant": 1, "pos": [40, 8]}, "41;8": {"type": "grass", "variant": 1, "pos": [41, 8]}, "42;8": {"type": "grass", "variant": 1, "pos": [42, 8]}, "42;9": {"type": "grass", "variant": 8, "pos": [42, 9]}, "41;9": {"type": "grass", "variant": 8, "pos": [41, 9]}, "31;11": {"type": "grass", "variant": 5, "pos": [31, 11]}, "32;11": {"type": "grass", "variant": 5, "pos": [32, 11]}, "33;11": {"type": "grass", "variant": 5, "pos": [33, 11]}, "34;11": {"type": "grass", "variant": 5, "pos": [34, 11]}, "37;11": {"type": "grass", "variant": 5, "pos": [37, 11]}, "38;11": {"type": "grass", "variant": 5, "pos": [38, 11]}, "39;11": {"type": "grass", "variant": 5, "pos": [39, 11]}, "40;11": {"type": "grass", "variant": 5, "pos": [40, 11]}, "42;10": {"type": "grass", "variant": 8, "pos": [42, 10]}, "36;8": {"type": "grass", "variant": 1, "pos": [36, 8]}, "42;11": {"type": "grass", "variant": 5, "pos": [42, 11]}, "41;11": {"type": "grass", "variant": 5, "pos": [41, 11]}, "43;10": {"type": "grass", "variant": 8, "pos": [43, 10]}, "44;10": {"type": "grass", "variant": 8, "pos": [44, 10]}, "45;10": {"type": "grass", "variant": 8, "pos": [45, 10]}, "46;10": {"type": "grass", "variant": 8, "pos": [46, 10]}, "47;10": {"type": "grass", "variant": 8, "pos": [47, 10]}, "48;10": {"type": "grass", "variant": 8, "pos": [48, 10]}, "49;10": {"type": "grass", "variant": 8, "pos": [49, 10]}, "45;9": {"type": "grass", "variant": 8, "pos": [45, 9]}, "44;9": {"type": "grass", "variant": 8, "pos": [44, 9]}, "43;9": {"type": "grass", "variant": 8, "pos": [43, 9]}, "46;9": {"type": "grass", "variant": 8, "pos": [46, 9]}, "47;9": {"type": "grass", "variant": 8, "pos": [47, 9]}, "49;9": {"type": "grass", "variant": 1, "pos": [49, 9]}, "50;9": {"type": "grass", "variant": 1, "pos": [50, 9]}, "51;9": {"type": "grass", "variant": 1, "pos": [51, 9]}, "52;9": {"type": "grass", "variant": 1, "pos": [52, 9]}, "53;9": {"type": "grass", "variant": 1, "pos": [53, 9]}, "48;9": {"type": "grass", "variant": 8, "pos": [48, 9]}, "43;8": {"type": "grass", "variant": 1, "pos": [43, 8]}, "44;8": {"type": "grass", "variant": 1, "pos": [44, 8]}, "45;8": {"type": "grass", "variant": 1, "pos": [45, 8]}, "46;8": {"type": "grass", "variant": 1, "pos": [46, 8]}, "47;8": {"type": "grass", "variant": 1, "pos": [47, 8]}, "48;8": {"type": "grass", "variant": 2, "pos": [48, 8]}, "54;9": {"type": "grass", "variant": 8, "pos": [54, 9]}, "43;11": {"type": "grass", "variant": 5, "pos": [43, 11]}, "44;11": {"type": "grass", "variant": 5, "pos": [44, 11]}, "45;11": {"type": "grass", "variant": 5, "pos": [45, 11]}, "46;11": {"type": "grass", "variant": 5, "pos": [46, 11]}, "47;11": {"type": "grass", "variant": 5, "pos": [47, 11]}, "48;11": {"type": "grass", "variant": 5, "pos": [48, 11]}, "49;11": {"type": "grass", "variant": 5, "pos": [49, 11]}, "50;11": {"type": "grass", "variant": 5, "pos": [50, 11]}, "51;11": {"type": "grass", "variant": 5, "pos": [51, 11]}, "52;11": {"type": "grass", "variant": 5, "pos": [52, 11]}, "53;11": {"type": "grass", "variant": 5, "pos": [53, 11]}, "54;11": {"type": "grass", "variant": 5, "pos": [54, 11]}, "54;10": {"type": "grass", "variant": 8, "pos": [54, 10]}, "55;10": {"type": "grass", "variant": 8, "pos": [55, 10]}, "54;8": {"type": "grass", "variant": 0, "pos": [54, 8]}, "53;10": {"type": "grass", "variant": 8, "pos": [53, 10]}, "52;10": {"type": "grass", "variant": 8, "pos": [52, 10]}, "51;10": {"type": "grass", "variant": 8, "pos": [51, 10]}, "50;10": {"type": "grass", "variant": 8, "pos": [50, 10]}, "55;9": {"type": "grass", "variant": 8, "pos": [55, 9]}, "55;8": {"type": "grass", "variant": 1, "pos": [55, 8]}, "56;9": {"type": "grass", "variant": 8, "pos": [56, 9]}, "56;10": {"type": "grass", "variant": 8, "pos": [56, 10]}, "57;10": {"type": "grass", "variant": 8, "pos": [57, 10]}, "57;9": {"type": "grass", "variant": 8, "pos": [57, 9]}, "56;11": {"type": "grass", "variant": 5, "pos": [56, 11]}, "55;11": {"type": "grass", "variant": 5, "pos": [55, 11]}, "57;11": {"type": "grass", "variant": 5, "pos": [57, 11]}, "58;11": {"type": "grass", "variant": 5, "pos": [58, 11]}, "59;10": {"type": "grass", "variant": 8, "pos": [59, 10]}, "58;10": {"type": "grass", "variant": 8, "pos": [58, 10]}, "56;8": {"type": "grass", "variant": 1, "pos": [56, 8]}, "57;8": {"type": "grass", "variant": 1, "pos": [57, 8]}, "58;8": {"type": "grass", "variant": 1, "pos": [58, 8]}, "59;8": {"type": "grass", "variant": 1, "pos": [59, 8]}, "60;8": {"type": "grass", "variant": 2, "pos": [60, 8]}, "61;9": {"type": "grass", "variant": 1, "pos": [61, 9]}, "60;9": {"type": "grass", "variant": 8, "pos": [60, 9]}, "59;9": {"type": "grass", "variant": 8, "pos": [59, 9]}, "58;9": {"type": "grass", "variant": 8, "pos": [58, 9]}, "62;9": {"type": "grass", "variant": 1, "pos": [62, 9]}, "63;9": {"type": "grass", "variant": 1, "pos": [63, 9]}, "64;9": {"type": "grass", "variant": 1, "pos": [64, 9]}, "65;9": {"type": "grass", "variant": 1, "pos": [65, 9]}, "64;10": {"type": "grass", "variant": 8, "pos": [64, 10]}, "63;10": {"type": "grass", "variant": 8, "pos": [63, 10]}, "62;10": {"type": "grass", "variant": 8, "pos": [62, 10]}, "61;10": {"type": "grass", "variant": 8, "pos": [61, 10]}, "66;9": {"type": "grass", "variant": 1, "pos": [66, 9]}, "67;9": {"type": "grass", "variant": 1, "pos": [67, 9]}, "68;9": {"type": "grass", "variant": 8, "pos": [68, 9]}, "68;8": {"type": "grass", "variant": 0, "pos": [68, 8]}, "69;8": {"type": "grass", "variant": 1, "pos": [69, 8]}, "70;8": {"type": "grass", "variant": 1, "pos": [70, 8]}, "71;8": {"type": "grass", "variant": 1, "pos": [71, 8]}, "72;8": {"type": "grass", "variant": 1, "pos": [72, 8]}, "73;9": {"type": "grass", "variant": 8, "pos": [73, 9]}, "72;9": {"type": "grass", "variant": 8, "pos": [72, 9]}, "71;9": {"type": "grass", "variant": 8, "pos": [71, 9]}, "70;10": {"type": "grass", "variant": 8, "pos": [70, 10]}, "68;10": {"type": "grass", "variant": 8, "pos": [68, 10]}, "67;10": {"type": "grass", "variant": 8, "pos": [67, 10]}, "74;9": {"type": "grass", "variant": 8, "pos": [74, 9]}, "69;10": {"type": "grass", "variant": 8, "pos": [69, 10]}, "69;9": {"type": "grass", "variant": 8, "pos": [69, 9]}, "70;9": {"type": "grass", "variant": 8, "pos": [70, 9]}, "73;8": {"type": "grass", "variant": 1, "pos": [73, 8]}, "74;8": {"type": "grass", "variant": 1, "pos": [74, 8]}, "66;10": {"type": "grass", "variant": 8, "pos": [66, 10]}, "65;10": {"type": "grass", "variant": 8, "pos": [65, 10]}, "60;10": {"type": "grass", "variant": 8, "pos": [60, 10]}, "59;11": {"type": "grass", "variant": 5, "pos": [59, 11]}, "60;11": {"type": "grass", "variant": 5, "pos": [60, 11]}, "61;11": {"type": "grass", "variant": 5, "pos": [61, 11]}, "62;11": {"type": "grass", "variant": 5, "pos": [62, 11]}, "63;11": {"type": "grass", "variant": 5, "pos": [63, 11]}, "64;11": {"type": "grass", "variant": 5, "pos": [64, 11]}, "65;11": {"type": "grass", "variant": 5, "pos": [65, 11]}, "66;11": {"type": "grass", "variant": 5, "pos": [66, 11]}, "67;11": {"type": "grass", "variant": 5, "pos": [67, 11]}, "68;11": {"type": "grass", "variant": 5, "pos": [68, 11]}, "69;11": {"type": "grass", "variant": 5, "pos": [69, 11]}, "70;11": {"type": "grass", "variant": 5, "pos": [70, 11]}, "71;11": {"type": "grass", "variant": 5, "pos": [71, 11]}, "72;11": {"type": "grass", "variant": 5, "pos": [72, 11]}, "73;11": {"type": "grass", "variant": 5, "pos": [73, 11]}, "73;10": {"type": "grass", "variant": 8, "pos": [73, 10]}, "74;10": {"type": "grass", "variant": 8, "pos": [74, 10]}, "75;10": {"type": "grass", "variant": 8, "pos": [75, 10]}, "72;10": {"type": "grass", "variant": 8, "pos": [72, 10]}, "71;10": {"type": "grass", "variant": 8, "pos": [71, 10]}, "75;9": {"type": "grass", "variant": 8, "pos": [75, 9]}, "75;8": {"type": "grass", "variant": 1, "pos": [75, 8]}, "74;11": {"type": "grass", "variant": 5, "pos": [74, 11]}, "75;11": {"type": "grass", "variant": 5, "pos": [75, 11]}, "76;11": {"type": "grass", "variant": 5, "pos": [76, 11]}, "76;10": {"type": "grass", "variant": 8, "pos": [76, 10]}, "76;9": {"type": "grass", "variant": 8, "pos": [76, 9]}, "76;8": {"type": "grass", "variant": 1, "pos": [76, 8]}, "78;6": {"type": "grass", "variant": 7, "pos": [78, 6]}, "78;5": {"type": "grass", "variant": 7, "pos": [78, 5]}, "78;4": {"type": "grass", "variant": 7, "pos": [78, 4]}, "78;3": {"type": "grass", "variant": 7, "pos": [78, 3]}, "78;2": {"type": "grass", "variant": 7, "pos": [78, 2]}, "78;1": {"type": "grass", "variant": 7, "pos": [78, 1]}, "78;0": {"type": "grass", "variant": 7, "pos": [78, 0]}, "78;-1": {"type": "grass", "variant": 7, "pos": [78, -1]}, "78;-2": {"type": "grass", "variant": 7, "pos": [78, -2]}, "78;-3": {"type": "grass", "variant": 0, "pos": [78, -3]}, "75;3": {"type": "grass", "variant": 4, "pos": [75, 3]}, "75;2": {"type": "grass", "variant": 3, "pos": [75, 2]}, "75;1": {"type": "grass", "variant": 3, "pos": [75, 1]}, "75;0": {"type": "grass", "variant": 3, "pos": [75, 0]}, "75;-1": {"type": "grass", "variant": 3, "pos": [75, -1]}, "75;-2": {"type": "grass", "variant": 3, "pos": [75, -2]}, "75;-3": {"type": "grass", "variant": 3, "pos": [75, -3]}, "75;-4": {"type": "grass", "variant": 3, "pos": [75, -4]}, "75;-5": {"type": "grass", "variant": 2, "pos": [75, -5]}, "79;6": {"type": "grass", "variant": 3, "pos": [79, 6]}, "79;5": {"type": "grass", "variant": 3, "pos": [79, 5]}, "79;4": {"type": "grass", "variant": 3, "pos": [79, 4]}, "79;3": {"type": "grass", "variant": 3, "pos": [79, 3]}, "79;2": {"type": "grass", "variant": 3, "pos": [79, 2]}, "79;1": {"type": "grass", "variant": 3, "pos": [79, 1]}, "79;0": {"type": "grass", "variant": 3, "pos": [79, 0]}, "79;-1": {"type": "grass", "variant": 3, "pos": [79, -1]}, "79;-2": {"type": "grass", "variant": 3, "pos": [79, -2]}, "79;-3": {"type": "grass", "variant": 2, "pos": [79, -3]}, "74;3": {"type": "grass", "variant": 6, "pos": [74, 3]}, "74;2": {"type": "grass", "variant": 7, "pos": [74, 2]}, "74;1": {"type": "grass", "variant": 7, "pos": [74, 1]}, "74;0": {"type": "grass", "variant": 7, "pos": [74, 0]}, "74;-1": {"type": "grass", "variant": 7, "pos": [74, -1]}, "74;-2": {"type": "grass", "variant": 7, "pos": [74, -2]}, "74;-3": {"type": "grass", "variant": 7, "pos": [74, -3]}, "74;-4": {"type": "grass", "variant": 7, "pos": [74, -4]}, "74;-5": {"type": "grass", "variant": 0, "pos": [74, -5]}, "77;8": {"type": "grass", "variant": 1, "pos": [77, 8]}, "78;8": {"type": "grass", "variant": 8, "pos": [78, 8]}, "78;7": {"type": "grass", "variant": 7, "pos": [78, 7]}, "79;7": {"type": "grass", "variant": 3, "pos": [79, 7]}, "79;8": {"type": "grass", "variant": 3, "pos": [79, 8]}, "79;9": {"type": "grass", "variant": 3, "pos": [79, 9]}, "78;9": {"type": "grass", "variant": 8, "pos": [78, 9]}, "77;9": {"type": "grass", "variant": 8, "pos": [77, 9]}, "78;10": {"type": "grass", "variant": 8, "pos": [78, 10]}, "79;10": {"type": "grass", "variant": 3, "pos": [79, 10]}, "79;11": {"type": "grass", "variant": 4, "pos": [79, 11]}, "78;11": {"type": "grass", "variant": 5, "pos": [78, 11]}, "77;11": {"type": "grass", "variant": 5, "pos": [77, 11]}, "77;10": {"type": "grass", "variant": 8, "pos": [77, 10]}, "71;-5": {"type": "grass", "variant": 2, "pos": [71, -5]}, "70;-5": {"type": "grass", "variant": 1, "pos": [70, -5]}, "69;-5": {"type": "grass", "variant": 1, "pos": [69, -5]}, "68;-5": {"type": "grass", "variant": 1, "pos": [68, -5]}, "67;-5": {"type": "grass", "variant": 1, "pos": [67, -5]}, "67;-4": {"type": "grass", "variant": 5, "pos": [67, -4]}, "68;-4": {"type": "grass", "variant": 5, "pos": [68, -4]}, "69;-4": {"type": "grass", "variant": 5, "pos": [69, -4]}, "70;-4": {"type": "grass", "variant": 5, "pos": [70, -4]}, "71;-4": {"type": "grass", "variant": 4, "pos": [71, -4]}, "66;-5": {"type": "grass", "variant": 0, "pos": [66, -5]}, "66;-4": {"type": "grass", "variant": 6, "pos": [66, -4]}, "63;-6": {"type": "grass", "variant": 4, "pos": [63, -6]}, "62;-6": {"type": "grass", "variant": 5, "pos": [62, -6]}, "62;-7": {"type": "grass", "variant": 1, "pos": [62, -7]}, "61;-7": {"type": "grass", "variant": 0, "pos": [61, -7]}, "61;-6": {"type": "grass", "variant": 6, "pos": [61, -6]}, "63;-7": {"type": "grass", "variant": 2, "pos": [63, -7]}, "57;-7": {"type": "grass", "variant": 4, "pos": [57, -7]}, "56;-7": {"type": "grass", "variant": 5, "pos": [56, -7]}, "55;-7": {"type": "grass", "variant": 6, "pos": [55, -7]}, "55;-8": {"type": "grass", "variant": 0, "pos": [55, -8]}, "56;-8": {"type": "grass", "variant": 8, "pos": [56, -8]}, "56;-9": {"type": "grass", "variant": 0, "pos": [56, -9]}, "57;-9": {"type": "grass", "variant": 2, "pos": [57, -9]}, "57;-8": {"type": "grass", "variant": 3, "pos": [57, -8]}, "83;-2": {"type": "grass", "variant": 7, "pos": [83, -2]}, "83;-3": {"type": "grass", "variant": 0, "pos": [83, -3]}, "84;-3": {"type": "grass", "variant": 1, "pos": [84, -3]}, "85;-3": {"type": "grass", "variant": 1, "pos": [85, -3]}, "86;-3": {"type": "grass", "variant": 1, "pos": [86, -3]}, "87;-3": {"type": "grass", "variant": 1, "pos": [87, -3]}, "88;-3": {"type": "grass", "variant": 2, "pos": [88, -3]}, "89;-2": {"type": "grass", "variant": 1, "pos": [89, -2]}, "90;-2": {"type": "grass", "variant": 1, "pos": [90, -2]}, "91;-2": {"type": "grass", "variant": 1, "pos": [91, -2]}, "92;-2": {"type": "grass", "variant": 2, "pos": [92, -2]}, "88;-2": {"type": "grass", "variant": 8, "pos": [88, -2]}, "87;-2": {"type": "grass", "variant": 8, "pos": [87, -2]}, "86;-2": {"type": "grass", "variant": 8, "pos": [86, -2]}, "85;-2": {"type": "grass", "variant": 8, "pos": [85, -2]}, "84;-2": {"type": "grass", "variant": 8, "pos": [84, -2]}, "83;-1": {"type": "grass", "variant": 6, "pos": [83, -1]}, "84;-1": {"type": "grass", "variant": 8, "pos": [84, -1]}, "84;0": {"type": "grass", "variant": 6, "pos": [84, 0]}, "85;-1": {"type": "grass", "variant": 8, "pos": [85, -1]}, "86;-1": {"type": "grass", "variant": 8, "pos": [86, -1]}, "87;-1": {"type": "grass", "variant": 8, "pos": [87, -1]}, "88;-1": {"type": "grass", "variant": 8, "pos": [88, -1]}, "89;-1": {"type": "grass", "variant": 8, "pos": [89, -1]}, "90;-1": {"type": "grass", "variant": 8, "pos": [90, -1]}, "91;-1": {"type": "grass", "variant": 8, "pos": [91, -1]}, "92;-1": {"type": "grass", "variant": 4, "pos": [92, -1]}, "91;0": {"type": "grass", "variant": 4, "pos": [91, 0]}, "90;0": {"type": "grass", "variant": 5, "pos": [90, 0]}, "89;0": {"type": "grass", "variant": 5, "pos": [89, 0]}, "88;0": {"type": "grass", "variant": 5, "pos": [88, 0]}, "87;0": {"type": "grass", "variant": 5, "pos": [87, 0]}, "86;0": {"type": "grass", "variant": 5, "pos": [86, 0]}, "85;0": {"type": "grass", "variant": 5, "pos": [85, 0]}, "96;-3": {"type": "stone", "variant": 0, "pos": [96, -3]}, "97;-3": {"type": "stone", "variant": 1, "pos": [97, -3]}, "98;-3": {"type": "stone", "variant": 1, "pos": [98, -3]}, "99;-3": {"type": "stone", "variant": 8, "pos": [99, -3]}, "100;-3": {"type": "stone", "variant": 3, "pos": [100, -3]}, "100;-2": {"type": "stone", "variant": 3, "pos": [100, -2]}, "100;-1": {"type": "stone", "variant": 4, "pos": [100, -1]}, "99;-1": {"type": "stone", "variant": 5, "pos": [99, -1]}, "98;-1": {"type": "stone", "variant": 5, "pos": [98, -1]}, "98;-2": {"type": "stone", "variant": 8, "pos": [98, -2]}, "99;-4": {"type": "stone", "variant": 0, "pos": [99, -4]}, "100;-4": {"type": "stone", "variant": 2, "pos": [100, -4]}, "99;-2": {"type": "stone", "variant": 8, "pos": [99, -2]}, "97;-1": {"type": "stone", "variant": 5, "pos": [97, -1]}, "97;-2": {"type": "stone", "variant": 8, "pos": [97, -2]}, "96;-2": {"type": "stone", "variant": 7, "pos": [96, -2]}, "96;-1": {"type": "stone", "variant": 6, "pos": [96, -1]}, "103;-3": {"type": "stone", "variant": 0, "pos": [103, -3]}, "104;-3": {"type": "stone", "variant": 2, "pos": [104, -3]}, "104;-2": {"type": "stone", "variant": 4, "pos": [104, -2]}, "103;-2": {"type": "stone", "variant": 6, "pos": [103, -2]}, "107;-4": {"type": "stone", "variant": 0, "pos": [107, -4]}, "108;-3": {"type": "stone", "variant": 4, "pos": [108, -3]}, "108;-4": {"type": "stone", "variant": 2, "pos": [108, -4]}, "107;-3": {"type": "stone", "variant": 6, "pos": [107, -3]}, "110;-7": {"type": "stone", "variant": 0, "pos": [110, -7]}, "110;-6": {"type": "stone", "variant": 6, "pos": [110, -6]}, "111;-6": {"type": "stone", "variant": 4, "pos": [111, -6]}, "111;-7": {"type": "stone", "variant": 2, "pos": [111, -7]}, "107;-9": {"type": "stone", "variant": 3, "pos": [107, -9]}, "107;-8": {"type": "stone", "variant": 4, "pos": [107, -8]}, "106;-9": {"type": "stone", "variant": 7, "pos": [106, -9]}, "106;-8": {"type": "stone", "variant": 6, "pos": [106, -8]}, "107;-10": {"type": "stone", "variant": 3, "pos": [107, -10]}, "107;-11": {"type": "stone", "variant": 2, "pos": [107, -11]}, "106;-11": {"type": "stone", "variant": 0, "pos": [106, -11]}, "106;-10": {"type": "stone", "variant": 7, "pos": [106, -10]}, "110;-12": {"type": "stone", "variant": 0, "pos": [110, -12]}, "110;-11": {"type": "stone", "variant": 7, "pos": [110, -11]}, "111;-10": {"type": "stone", "variant": 5, "pos": [111, -10]}, "112;-10": {"type": "stone", "variant": 5, "pos": [112, -10]}, "112;-11": {"type": "stone", "variant": 8, "pos": [112, -11]}, "113;-11": {"type": "stone", "variant": 8, "pos": [113, -11]}, "113;-12": {"type": "stone", "variant": 8, "pos": [113, -12]}, "114;-12": {"type": "stone", "variant": 3, "pos": [114, -12]}, "112;-12": {"type": "stone", "variant": 8, "pos": [112, -12]}, "111;-11": {"type": "stone", "variant": 8, "pos": [111, -11]}, "110;-10": {"type": "stone", "variant": 6, "pos": [110, -10]}, "111;-12": {"type": "stone", "variant": 8, "pos": [111, -12]}, "111;-13": {"type": "stone", "variant": 0, "pos": [111, -13]}, "112;-13": {"type": "stone", "variant": 1, "pos": [112, -13]}, "113;-13": {"type": "stone", "variant": 1, "pos": [113, -13]}, "114;-13": {"type": "stone", "variant": 2, "pos": [114, -13]}, "114;-11": {"type": "stone", "variant": 3, "pos": [114, -11]}, "114;-10": {"type": "stone", "variant": 4, "pos": [114, -10]}, "113;-10": {"type": "stone", "variant": 5, "pos": [113, -10]}, "118;-13": {"type": "grass", "variant": 0, "pos": [118, -13]}, "119;-13": {"type": "grass", "variant": 2, "pos": [119, -13]}, "121;-12": {"type": "grass", "variant": 1, "pos": [121, -12]}, "120;-12": {"type": "grass", "variant": 1, "pos": [120, -12]}, "119;-12": {"type": "grass", "variant": 8, "pos": [119, -12]}, "120;-11": {"type": "grass", "variant": 8, "pos": [120, -11]}, "119;-11": {"type": "grass", "variant": 8, "pos": [119, -11]}, "118;-11": {"type": "grass", "variant": 6, "pos": [118, -11]}, "118;-12": {"type": "grass", "variant": 7, "pos": [118, -12]}, "119;-10": {"type": "grass", "variant": 6, "pos": [119, -10]}, "120;-10": {"type": "grass", "variant": 5, "pos": [120, -10]}, "121;-10": {"type": "grass", "variant": 5, "pos": [121, -10]}, "122;-10": {"type": "grass", "variant": 5, "pos": [122, -10]}, "122;-11": {"type": "grass", "variant": 8, "pos": [122, -11]}, "123;-11": {"type": "grass", "variant": 8, "pos": [123, -11]}, "121;-11": {"type": "grass", "variant": 8, "pos": [121, -11]}, "124;-11": {"type": "grass", "variant": 8, "pos": [124, -11]}, "124;-10": {"type": "grass", "variant": 5, "pos": [124, -10]}, "125;-11": {"type": "grass", "variant": 8, "pos": [125, -11]}, "125;-12": {"type": "grass", "variant": 1, "pos": [125, -12]}, "124;-12": {"type": "grass", "variant": 1, "pos": [124, -12]}, "126;-12": {"type": "grass", "variant": 1, "pos": [126, -12]}, "123;-10": {"type": "grass", "variant": 5, "pos": [123, -10]}, "125;-10": {"type": "grass", "variant": 5, "pos": [125, -10]}, "126;-10": {"type": "grass", "variant": 5, "pos": [126, -10]}, "127;-10": {"type": "grass", "variant": 4, "pos": [127, -10]}, "127;-11": {"type": "grass", "variant": 8, "pos": [127, -11]}, "127;-12": {"type": "grass", "variant": 1, "pos": [127, -12]}, "128;-12": {"type": "grass", "variant": 8, "pos": [128, -12]}, "128;-13": {"type": "grass", "variant": 0, "pos": [128, -13]}, "128;-11": {"type": "grass", "variant": 5, "pos": [128, -11]}, "126;-11": {"type": "grass", "variant": 8, "pos": [126, -11]}, "122;-12": {"type": "grass", "variant": 1, "pos": [122, -12]}, "123;-12": {"type": "grass", "variant": 1, "pos": [123, -12]}, "129;-14": {"type": "grass", "variant": 0, "pos": [129, -14]}, "129;-13": {"type": "grass", "variant": 8, "pos": [129, -13]}, "130;-13": {"type": "grass", "variant": 8, "pos": [130, -13]}, "131;-14": {"type": "grass", "variant": 1, "pos": [131, -14]}, "130;-14": {"type": "grass", "variant": 1, "pos": [130, -14]}, "131;-13": {"type": "grass", "variant": 8, "pos": [131, -13]}, "132;-13": {"type": "grass", "variant": 8, "pos": [132, -13]}, "131;-12": {"type": "grass", "variant": 8, "pos": [131, -12]}, "130;-12": {"type": "grass", "variant": 8, "pos": [130, -12]}, "129;-12": {"type": "grass", "variant": 8, "pos": [129, -12]}, "130;-11": {"type": "grass", "variant": 5, "pos": [130, -11]}, "131;-11": {"type": "grass", "variant": 5, "pos": [131, -11]}, "132;-11": {"type": "grass", "variant": 4, "pos": [132, -11]}, "129;-11": {"type": "grass", "variant": 5, "pos": [129, -11]}, "132;-12": {"type": "grass", "variant": 8, "pos": [132, -12]}, "133;-12": {"type": "grass", "variant": 4, "pos": [133, -12]}, "133;-13": {"type": "grass", "variant": 8, "pos": [133, -13]}, "132;-14": {"type": "grass", "variant": 1, "pos": [132, -14]}, "133;-14": {"type": "grass", "variant": 1, "pos": [133, -14]}, "134;-14": {"type": "grass", "variant": 1, "pos": [134, -14]}, "135;-14": {"type": "grass", "variant": 1, "pos": [135, -14]}, "134;-13": {"type": "grass", "variant": 5, "pos": [134, -13]}, "135;-13": {"type": "grass", "variant": 5, "pos": [135, -13]}, "136;-13": {"type": "grass", "variant": 4, "pos": [136, -13]}, "136;-14": {"type": "grass", "variant": 2, "pos": [136, -14]}, "82;5": {"type": "grass", "variant": 0, "pos": [82, 5]}, "83;5": {"type": "grass", "variant": 1, "pos": [83, 5]}, "84;5": {"type": "grass", "variant": 1, "pos": [84, 5]}, "85;5": {"type": "grass", "variant": 1, "pos": [85, 5]}, "86;6": {"type": "grass", "variant": 5, "pos": [86, 6]}, "87;6": {"type": "grass", "variant": 5, "pos": [87, 6]}, "88;6": {"type": "grass", "variant": 5, "pos": [88, 6]}, "89;6": {"type": "grass", "variant": 5, "pos": [89, 6]}, "90;6": {"type": "grass", "variant": 4, "pos": [90, 6]}, "85;6": {"type": "grass", "variant": 5, "pos": [85, 6]}, "84;6": {"type": "grass", "variant": 5, "pos": [84, 6]}, "83;6": {"type": "grass", "variant": 5, "pos": [83, 6]}, "82;6": {"type": "grass", "variant": 6, "pos": [82, 6]}, "86;5": {"type": "grass", "variant": 1, "pos": [86, 5]}, "87;5": {"type": "grass", "variant": 1, "pos": [87, 5]}, "88;5": {"type": "grass", "variant": 1, "pos": [88, 5]}, "89;5": {"type": "grass", "variant": 1, "pos": [89, 5]}, "90;5": {"type": "grass", "variant": 2, "pos": [90, 5]}, "93;8": {"type": "grass", "variant": 0, "pos": [93, 8]}, "94;8": {"type": "grass", "variant": 2, "pos": [94, 8]}, "94;9": {"type": "grass", "variant": 4, "pos": [94, 9]}, "93;9": {"type": "grass", "variant": 6, "pos": [93, 9]}, "97;10": {"type": "grass", "variant": 0, "pos": [97, 10]}, "98;10": {"type": "grass", "variant": 2, "pos": [98, 10]}, "98;11": {"type": "grass", "variant": 4, "pos": [98, 11]}, "97;11": {"type": "grass", "variant": 6, "pos": [97, 11]}, "102;9": {"type": "grass", "variant": 0, "pos": [102, 9]}, "102;10": {"type": "grass", "variant": 6, "pos": [102, 10]}, "103;10": {"type": "grass", "variant": 4, "pos": [103, 10]}, "103;9": {"type": "grass", "variant": 2, "pos": [103, 9]}, "111;9": {"type": "grass", "variant": 0, "pos": [111, 9]}, "111;10": {"type": "grass", "variant": 6, "pos": [111, 10]}, "112;10": {"type": "grass", "variant": 4, "pos": [112, 10]}, "112;9": {"type": "grass", "variant": 2, "pos": [112, 9]}, "117;8": {"type": "grass", "variant": 0, "pos": [117, 8]}, "117;9": {"type": "grass", "variant": 6, "pos": [117, 9]}, "118;9": {"type": "grass", "variant": 5, "pos": [118, 9]}, "119;9": {"type": "grass", "variant": 5, "pos": [119, 9]}, "119;8": {"type": "grass", "variant": 1, "pos": [119, 8]}, "120;8": {"type": "grass", "variant": 8, "pos": [120, 8]}, "121;8": {"type": "grass", "variant": 3, "pos": [121, 8]}, "121;7": {"type": "grass", "variant": 2, "pos": [121, 7]}, "120;7": {"type": "grass", "variant": 0, "pos": [120, 7]}, "118;8": {"type": "grass", "variant": 1, "pos": [118, 8]}, "120;9": {"type": "grass", "variant": 5, "pos": [120, 9]}, "121;9": {"type": "grass", "variant": 4, "pos": [121, 9]}}, "tile_size": 16, "offgrid": [{"type": "spawners", "variant": 0, "pos": [100.25, 109.5]}, {"type": "large_decor", "variant": 2, "pos": [153.5, 85.75]}, {"type": "large_decor", "variant": 1, "pos": [119.75, 116.25]}, {"type": "decor", "variant": 0, "pos": [150.25, 113.75]}, {"type": "decor", "variant": 1, "pos": [163.25, 112.75]}, {"type": "spawners", "variant": 1, "pos": [243.5, 108.75]}, {"type": "spawners", "variant": 1, "pos": [352.25, 104.5]}, {"type": "spawners", "variant": 1, "pos": [503.75, 104.75]}, {"type": "spawners", "variant": 1, "pos": [438.5, 106.5]}, {"type": "spawners", "variant": 1, "pos": [635.5, 106.0]}, {"type": "spawners", "variant": 2, "pos": [275.0, 44.75]}, {"type": "spawners", "variant": 2, "pos": [419.25, 46.5]}, {"type": "spawners", "variant": 2, "pos": [343.0, 10.75]}, {"type": "spawners", "variant": 2, "pos": [514.0, 29.25]}, {"type": "spawners", "variant": 2, "pos": [540.25, -14.0]}, {"type": "spawners", "variant": 2, "pos": [599.0, 67.5]}, {"type": "spawners", "variant": 2, "pos": [662.25, 28.0]}, {"type": "spawners", "variant": 2, "pos": [698.25, 66.0]}, {"type": "spawners", "variant": 2, "pos": [788.75, 60.75]}, {"type": "spawners", "variant": 2, "pos": [827.75, 30.5]}, {"type": "spawners", "variant": 1, "pos": [754.75, 106.5]}, {"type": "spawners", "variant": 1, "pos": [873.25, 103.5]}, {"type": "spawners", "variant": 3, "pos": [794.5, 109.25]}, {"type": "spawners", "variant": 3, "pos": [999.75, 106.75]}, {"type": "spawners", "variant": 3, "pos": [1047.5, 107.75]}, {"type": "spawners", "variant": 2, "pos": [962.75, 67.75]}, {"type": "spawners", "variant": 2, "pos": [1031.75, 9.0]}, {"type": "spawners", "variant": 2, "pos": [1112.75, 61.75]}, {"type": "spawners", "variant": 2, "pos": [1195.75, -142.0]}, {"type": "spawners", "variant": 2, "pos": [1265.0, -95.25]}, {"type": "spawners", "variant": 1, "pos": [1193.0, -98.75]}, {"type": "spawners", "variant": 1, "pos": [1073.5, -99.75]}, {"type": "spawners", "variant": 2, "pos": [994.75, -148.5]}, {"type": "spawners", "variant": 2, "pos": [907.0, -193.0]}, {"type": "spawners", "variant": 1, "pos": [897.75, -165.25]}, {"type": "spawners", "variant": 1, "pos": [1359.25, -68.75]}, {"type": "spawners", "variant": 2, "pos": [1435.75, -110.0]}, {"type": "spawners", "variant": 1, "pos": [1598.0, -83.5]}, {"type": "spawners", "variant": 2, "pos": [1558.5, -114.0]}, {"type": "spawners", "variant": 2, "pos": [1701.0, -219.0]}, {"type": "spawners", "variant": 2, "pos": [1747.0, -226.5]}, {"type": "spawners", "variant": 3, "pos": [1800.25, -242.25]}, {"type": "spawners", "variant": 3, "pos": [2010.0, -229.25]}, {"type": "spawners", "variant": 1, "pos": [2119.25, -246.0]}, {"type": "spawners", "variant": 1, "pos": [2165.75, -245.5]}, {"type": "spawners", "variant": 2, "pos": [2069.0, -275.0]}, {"type": "spawners", "variant": 2, "pos": [2141.75, -295.25]}, {"type": "spawners", "variant": 2, "pos": [1943.0, -270.0]}, {"type": "spawners", "variant": 1, "pos": [1931.5, 92.0]}, {"type": "spawners", "variant": 2, "pos": [1898.75, 60.75]}, {"type": "spawners", "variant": 2, "pos": [1792.0, 87.25]}, {"type": "spawners", "variant": 2, "pos": [1641.5, 79.0]}, {"type": "spawners", "variant": 2, "pos": [1574.0, 108.5]}, {"type": "spawners", "variant": 1, "pos": [1508.0, 106.25]}, {"type": "spawners", "variant": 3, "pos": [1422.5, 41.25]}, {"type": "decor", "variant": 1, "pos": [1350.5, 64.0]}, {"type": "decor", "variant": 2, "pos": [1345.5, 65.25]}, {"type": "decor", "variant": 2, "pos": [1417.5, 63.25]}, {"type": "decor", "variant": 2, "pos": [1488.0, 115.75]}, {"type": "decor", "variant": 3, "pos": [1565.75, 145.0]}, {"type": "decor", "variant": 0, "pos": [1646.0, 129.0]}, {"type": "decor", "variant": 1, "pos": [1776.5, 129.75]}, {"type": "decor", "variant": 0, "pos": [1782.5, 128.0]}, {"type": "decor", "variant": 2, "pos": [1893.0, 114.0]}, {"type": "decor", "variant": 3, "pos": [1920.75, 98.75]}, {"type": "large_decor", "variant": 0, "pos": [1870.75, 120.0]}, {"type": "large_decor", "variant": 2, "pos": [1896.75, 84.75]}, {"type": "large_decor", "variant": 1, "pos": [1786.5, 134.0]}, {"type": "large_decor", "variant": 0, "pos": [1372.5, 74.0]}, {"type": "large_decor", "variant": 2, "pos": [1246.0, -87.5]}, {"type": "large_decor", "variant": 2, "pos": [1392.5, -90.0]}, {"type": "large_decor", "variant": 1, "pos": [1420.75, -43.0]}, {"type": "large_decor", "variant": 0, "pos": [1362.25, -56.5]}, {"type": "large_decor", "variant": 0, "pos": [1552.5, -56.0]}, {"type": "large_decor", "variant": 0, "pos": [1696.75, -183.5]}, {"type": "large_decor", "variant": 0, "pos": [1801.75, -216.5]}, {"type": "decor", "variant": 3, "pos": [1775.75, -127.0]}, {"type": "decor", "variant": 3, "pos": [1935.5, -206.25]}, {"type": "decor", "variant": 2, "pos": [1963.75, -208.0]}, {"type": "decor", "variant": 1, "pos": [1902.25, -224.25]}, {"type": "decor", "variant": 0, "pos": [2095.75, -238.25]}, {"type": "decor", "variant": 1, "pos": [2101.0, -239.25]}, {"type": "decor", "variant": 2, "pos": [2135.0, -240.0]}, {"type": "large_decor", "variant": 2, "pos": [2151.0, -264.75]}, {"type": "large_decor", "variant": 2, "pos": [1992.0, -234.5]}, {"type": "large_decor", "variant": 0, "pos": [1102.75, -86.0]}, {"type": "large_decor", "variant": 1, "pos": [1123.5, -91.5]}, {"type": "large_decor", "variant": 1, "pos": [981.75, -122.75]}, {"type": "large_decor", "variant": 2, "pos": [972.5, -152.75]}, {"type": "large_decor", "variant": 2, "pos": [873.75, -171.25]}, {"type": "large_decor", "variant": 2, "pos": [1089.5, 86.5]}, {"type": "large_decor", "variant": 0, "pos": [1104.0, 120.5]}, {"type": "large_decor", "variant": 1, "pos": [1032.75, 133.25]}, {"type": "large_decor", "variant": 1, "pos": [907.0, 118.75]}, {"type": "large_decor", "variant": 2, "pos": [895.0, 87.25]}, {"type": "large_decor", "variant": 0, "pos": [747.0, 119.75]}, {"type": "large_decor", "variant": 2, "pos": [583.75, 86.0]}, {"type": "decor", "variant": 0, "pos": [597.0, 113.25]}, {"type": "decor", "variant": 1, "pos": [621.75, 113.25]}, {"type": "decor", "variant": 2, "pos": [725.25, 113.0]}, {"type": "decor", "variant": 3, "pos": [781.0, 128.5]}, {"type": "decor", "variant": 0, "pos": [843.25, 131.0]}, {"type": "decor", "variant": 1, "pos": [833.25, 130.5]}, {"type": "decor", "variant": 1, "pos": [889.5, 114.0]}, {"type": "decor", "variant": 1, "pos": [895.5, 113.5]}, {"type": "decor", "variant": 2, "pos": [902.25, 113.75]}, {"type": "decor", "variant": 2, "pos": [1013.75, 130.0]}, {"type": "decor", "variant": 2, "pos": [1121.5, 111.25]}, {"type": "large_decor", "variant": 0, "pos": [421.25, 119.0]}, {"type": "large_decor", "variant": 2, "pos": [444.5, 89.0]}, {"type": "large_decor", "variant": 2, "pos": [262.5, 85.25]}, {"type": "large_decor", "variant": 1, "pos": [277.0, 116.75]}, {"type": "decor", "variant": 0, "pos": [307.25, 112.5]}, {"type": "decor", "variant": 1, "pos": [312.75, 112.75]}, {"type": "decor", "variant": 2, "pos": [269.0, 112.75]}]}