{"tilemap": {"8;9": {"type": "grass", "variant": 8, "pos": [8, 9]}, "8;8": {"type": "grass", "variant": 1, "pos": [8, 8]}, "7;8": {"type": "grass", "variant": 1, "pos": [7, 8]}, "9;8": {"type": "grass", "variant": 1, "pos": [9, 8]}, "9;9": {"type": "grass", "variant": 8, "pos": [9, 9]}, "10;9": {"type": "grass", "variant": 8, "pos": [10, 9]}, "7;9": {"type": "grass", "variant": 8, "pos": [7, 9]}, "6;9": {"type": "grass", "variant": 6, "pos": [6, 9]}, "10;8": {"type": "grass", "variant": 1, "pos": [10, 8]}, "9;10": {"type": "grass", "variant": 8, "pos": [9, 10]}, "10;10": {"type": "grass", "variant": 8, "pos": [10, 10]}, "8;10": {"type": "grass", "variant": 5, "pos": [8, 10]}, "7;10": {"type": "grass", "variant": 6, "pos": [7, 10]}, "10;11": {"type": "grass", "variant": 5, "pos": [10, 11]}, "9;11": {"type": "grass", "variant": 6, "pos": [9, 11]}, "6;8": {"type": "grass", "variant": 0, "pos": [6, 8]}, "-2;11": {"type": "border", "variant": 0, "pos": [-2, 11]}, "-2;7": {"type": "border", "variant": 0, "pos": [-2, 7]}, "-2;3": {"type": "border", "variant": 0, "pos": [-2, 3]}, "6;16": {"type": "border", "variant": 1, "pos": [6, 16]}, "12;16": {"type": "border", "variant": 1, "pos": [12, 16]}, "18;16": {"type": "border", "variant": 1, "pos": [18, 16]}, "24;16": {"type": "border", "variant": 1, "pos": [24, 16]}, "11;8": {"type": "grass", "variant": 1, "pos": [11, 8]}, "12;8": {"type": "grass", "variant": 1, "pos": [12, 8]}, "13;8": {"type": "grass", "variant": 1, "pos": [13, 8]}, "14;8": {"type": "grass", "variant": 1, "pos": [14, 8]}, "15;8": {"type": "grass", "variant": 1, "pos": [15, 8]}, "16;8": {"type": "grass", "variant": 1, "pos": [16, 8]}, "17;8": {"type": "grass", "variant": 1, "pos": [17, 8]}, "18;8": {"type": "grass", "variant": 1, "pos": [18, 8]}, "19;8": {"type": "grass", "variant": 1, "pos": [19, 8]}, "19;9": {"type": "grass", "variant": 8, "pos": [19, 9]}, "18;9": {"type": "grass", "variant": 8, "pos": [18, 9]}, "17;9": {"type": "grass", "variant": 8, "pos": [17, 9]}, "16;9": {"type": "grass", "variant": 8, "pos": [16, 9]}, "15;9": {"type": "grass", "variant": 8, "pos": [15, 9]}, "14;9": {"type": "grass", "variant": 8, "pos": [14, 9]}, "13;9": {"type": "grass", "variant": 8, "pos": [13, 9]}, "12;9": {"type": "grass", "variant": 8, "pos": [12, 9]}, "11;9": {"type": "grass", "variant": 8, "pos": [11, 9]}, "18;10": {"type": "grass", "variant": 8, "pos": [18, 10]}, "19;10": {"type": "grass", "variant": 8, "pos": [19, 10]}, "17;10": {"type": "grass", "variant": 8, "pos": [17, 10]}, "16;10": {"type": "grass", "variant": 8, "pos": [16, 10]}, "15;10": {"type": "grass", "variant": 8, "pos": [15, 10]}, "14;10": {"type": "grass", "variant": 8, "pos": [14, 10]}, "13;10": {"type": "grass", "variant": 8, "pos": [13, 10]}, "12;10": {"type": "grass", "variant": 8, "pos": [12, 10]}, "11;10": {"type": "grass", "variant": 8, "pos": [11, 10]}, "17;11": {"type": "grass", "variant": 5, "pos": [17, 11]}, "18;11": {"type": "grass", "variant": 5, "pos": [18, 11]}, "16;11": {"type": "grass", "variant": 5, "pos": [16, 11]}, "15;11": {"type": "grass", "variant": 5, "pos": [15, 11]}, "14;11": {"type": "grass", "variant": 5, "pos": [14, 11]}, "13;11": {"type": "grass", "variant": 5, "pos": [13, 11]}, "12;11": {"type": "grass", "variant": 5, "pos": [12, 11]}, "11;11": {"type": "grass", "variant": 5, "pos": [11, 11]}, "19;11": {"type": "grass", "variant": 5, "pos": [19, 11]}, "20;8": {"type": "grass", "variant": 1, "pos": [20, 8]}, "21;8": {"type": "grass", "variant": 1, "pos": [21, 8]}, "22;8": {"type": "grass", "variant": 1, "pos": [22, 8]}, "24;9": {"type": "grass", "variant": 8, "pos": [24, 9]}, "25;9": {"type": "grass", "variant": 8, "pos": [25, 9]}, "26;9": {"type": "grass", "variant": 8, "pos": [26, 9]}, "28;9": {"type": "grass", "variant": 8, "pos": [28, 9]}, "29;9": {"type": "grass", "variant": 8, "pos": [29, 9]}, "27;9": {"type": "grass", "variant": 8, "pos": [27, 9]}, "23;9": {"type": "grass", "variant": 8, "pos": [23, 9]}, "22;9": {"type": "grass", "variant": 8, "pos": [22, 9]}, "21;9": {"type": "grass", "variant": 8, "pos": [21, 9]}, "20;9": {"type": "grass", "variant": 8, "pos": [20, 9]}, "24;8": {"type": "grass", "variant": 1, "pos": [24, 8]}, "25;8": {"type": "grass", "variant": 1, "pos": [25, 8]}, "26;8": {"type": "grass", "variant": 1, "pos": [26, 8]}, "27;8": {"type": "grass", "variant": 1, "pos": [27, 8]}, "23;8": {"type": "grass", "variant": 1, "pos": [23, 8]}, "28;8": {"type": "grass", "variant": 1, "pos": [28, 8]}, "29;8": {"type": "grass", "variant": 1, "pos": [29, 8]}, "25;10": {"type": "grass", "variant": 8, "pos": [25, 10]}, "24;10": {"type": "grass", "variant": 8, "pos": [24, 10]}, "23;10": {"type": "grass", "variant": 8, "pos": [23, 10]}, "22;10": {"type": "grass", "variant": 8, "pos": [22, 10]}, "21;10": {"type": "grass", "variant": 8, "pos": [21, 10]}, "26;10": {"type": "grass", "variant": 8, "pos": [26, 10]}, "27;10": {"type": "grass", "variant": 8, "pos": [27, 10]}, "20;10": {"type": "grass", "variant": 8, "pos": [20, 10]}, "28;10": {"type": "grass", "variant": 8, "pos": [28, 10]}, "29;10": {"type": "grass", "variant": 8, "pos": [29, 10]}, "23;11": {"type": "grass", "variant": 5, "pos": [23, 11]}, "22;11": {"type": "grass", "variant": 5, "pos": [22, 11]}, "21;11": {"type": "grass", "variant": 5, "pos": [21, 11]}, "25;11": {"type": "grass", "variant": 5, "pos": [25, 11]}, "26;11": {"type": "grass", "variant": 5, "pos": [26, 11]}, "27;11": {"type": "grass", "variant": 5, "pos": [27, 11]}, "24;11": {"type": "grass", "variant": 5, "pos": [24, 11]}, "20;11": {"type": "grass", "variant": 5, "pos": [20, 11]}, "28;11": {"type": "grass", "variant": 5, "pos": [28, 11]}, "29;11": {"type": "grass", "variant": 5, "pos": [29, 11]}, "30;8": {"type": "grass", "variant": 1, "pos": [30, 8]}, "30;9": {"type": "grass", "variant": 8, "pos": [30, 9]}, "30;10": {"type": "grass", "variant": 8, "pos": [30, 10]}, "12;2": {"type": "grass", "variant": 0, "pos": [12, 2]}, "12;3": {"type": "grass", "variant": 7, "pos": [12, 3]}, "13;3": {"type": "grass", "variant": 5, "pos": [13, 3]}, "12;5": {"type": "grass", "variant": 6, "pos": [12, 5]}, "12;4": {"type": "grass", "variant": 7, "pos": [12, 4]}, "16;5": {"type": "grass", "variant": 5, "pos": [16, 5]}, "14;5": {"type": "grass", "variant": 5, "pos": [14, 5]}, "14;4": {"type": "grass", "variant": 8, "pos": [14, 4]}, "13;2": {"type": "grass", "variant": 1, "pos": [13, 2]}, "14;2": {"type": "grass", "variant": 1, "pos": [14, 2]}, "14;3": {"type": "grass", "variant": 8, "pos": [14, 3]}, "15;3": {"type": "grass", "variant": 5, "pos": [15, 3]}, "16;3": {"type": "grass", "variant": 8, "pos": [16, 3]}, "17;3": {"type": "grass", "variant": 5, "pos": [17, 3]}, "18;3": {"type": "grass", "variant": 8, "pos": [18, 3]}, "19;3": {"type": "grass", "variant": 5, "pos": [19, 3]}, "18;4": {"type": "grass", "variant": 8, "pos": [18, 4]}, "16;4": {"type": "grass", "variant": 8, "pos": [16, 4]}, "15;2": {"type": "grass", "variant": 1, "pos": [15, 2]}, "16;2": {"type": "grass", "variant": 1, "pos": [16, 2]}, "17;2": {"type": "grass", "variant": 1, "pos": [17, 2]}, "18;2": {"type": "grass", "variant": 1, "pos": [18, 2]}, "19;2": {"type": "grass", "variant": 1, "pos": [19, 2]}, "20;2": {"type": "grass", "variant": 1, "pos": [20, 2]}, "21;2": {"type": "grass", "variant": 1, "pos": [21, 2]}, "22;2": {"type": "grass", "variant": 1, "pos": [22, 2]}, "21;3": {"type": "grass", "variant": 5, "pos": [21, 3]}, "20;3": {"type": "grass", "variant": 8, "pos": [20, 3]}, "18;5": {"type": "grass", "variant": 5, "pos": [18, 5]}, "20;5": {"type": "grass", "variant": 5, "pos": [20, 5]}, "20;4": {"type": "grass", "variant": 8, "pos": [20, 4]}, "22;4": {"type": "grass", "variant": 8, "pos": [22, 4]}, "23;3": {"type": "grass", "variant": 5, "pos": [23, 3]}, "22;3": {"type": "grass", "variant": 8, "pos": [22, 3]}, "23;2": {"type": "grass", "variant": 1, "pos": [23, 2]}, "24;2": {"type": "grass", "variant": 1, "pos": [24, 2]}, "22;5": {"type": "grass", "variant": 5, "pos": [22, 5]}, "24;5": {"type": "grass", "variant": 5, "pos": [24, 5]}, "24;4": {"type": "grass", "variant": 8, "pos": [24, 4]}, "24;3": {"type": "grass", "variant": 8, "pos": [24, 3]}, "25;2": {"type": "grass", "variant": 1, "pos": [25, 2]}, "25;3": {"type": "grass", "variant": 5, "pos": [25, 3]}, "26;4": {"type": "grass", "variant": 8, "pos": [26, 4]}, "28;4": {"type": "grass", "variant": 8, "pos": [28, 4]}, "26;5": {"type": "grass", "variant": 5, "pos": [26, 5]}, "28;5": {"type": "grass", "variant": 5, "pos": [28, 5]}, "26;3": {"type": "grass", "variant": 8, "pos": [26, 3]}, "26;2": {"type": "grass", "variant": 1, "pos": [26, 2]}, "27;2": {"type": "grass", "variant": 1, "pos": [27, 2]}, "28;2": {"type": "grass", "variant": 1, "pos": [28, 2]}, "28;3": {"type": "grass", "variant": 8, "pos": [28, 3]}, "27;3": {"type": "grass", "variant": 5, "pos": [27, 3]}, "29;3": {"type": "grass", "variant": 5, "pos": [29, 3]}, "30;4": {"type": "grass", "variant": 3, "pos": [30, 4]}, "30;5": {"type": "grass", "variant": 4, "pos": [30, 5]}, "30;3": {"type": "grass", "variant": 3, "pos": [30, 3]}, "29;2": {"type": "grass", "variant": 1, "pos": [29, 2]}, "30;2": {"type": "grass", "variant": 2, "pos": [30, 2]}, "31;8": {"type": "grass", "variant": 1, "pos": [31, 8]}, "31;9": {"type": "grass", "variant": 8, "pos": [31, 9]}, "31;10": {"type": "grass", "variant": 8, "pos": [31, 10]}, "32;10": {"type": "grass", "variant": 5, "pos": [32, 10]}, "33;9": {"type": "grass", "variant": 3, "pos": [33, 9]}, "32;9": {"type": "grass", "variant": 8, "pos": [32, 9]}, "31;11": {"type": "grass", "variant": 4, "pos": [31, 11]}, "30;11": {"type": "grass", "variant": 5, "pos": [30, 11]}, "33;10": {"type": "grass", "variant": 4, "pos": [33, 10]}, "32;8": {"type": "grass", "variant": 1, "pos": [32, 8]}, "33;8": {"type": "grass", "variant": 2, "pos": [33, 8]}}, "tile_size": 16, "offgrid": [{"type": "spawners", "variant": 0, "pos": [100.25, 109.5]}, {"type": "large_decor", "variant": 2, "pos": [153.5, 85.75]}, {"type": "large_decor", "variant": 1, "pos": [119.75, 116.25]}, {"type": "decor", "variant": 0, "pos": [150.25, 113.75]}, {"type": "decor", "variant": 1, "pos": [163.25, 112.75]}, {"type": "spawners", "variant": 2, "pos": [209.25, 65.25]}, {"type": "spawners", "variant": 2, "pos": [241.0, 66.0]}, {"type": "spawners", "variant": 2, "pos": [274.0, 65.5]}, {"type": "spawners", "variant": 2, "pos": [306.25, 66.75]}, {"type": "spawners", "variant": 2, "pos": [338.25, 66.0]}, {"type": "spawners", "variant": 2, "pos": [370.0, 67.0]}, {"type": "spawners", "variant": 2, "pos": [401.0, 65.25]}, {"type": "spawners", "variant": 2, "pos": [432.25, 66.5]}, {"type": "spawners", "variant": 2, "pos": [467.25, 66.25]}, {"type": "large_decor", "variant": 2, "pos": [518.25, 85.0]}, {"type": "large_decor", "variant": 2, "pos": [313.25, -7.5]}, {"type": "large_decor", "variant": 1, "pos": [297.0, 20.5]}, {"type": "large_decor", "variant": 1, "pos": [416.0, 20.5]}, {"type": "large_decor", "variant": 1, "pos": [196.5, 20.5]}, {"type": "decor", "variant": 0, "pos": [515.75, 113.25]}, {"type": "decor", "variant": 0, "pos": [479.75, 16.0]}, {"type": "decor", "variant": 1, "pos": [464.0, 16.5]}, {"type": "large_decor", "variant": 2, "pos": [466.75, -10.5]}, {"type": "decor", "variant": 2, "pos": [331.0, 16.75]}, {"type": "decor", "variant": 2, "pos": [396.25, 112.75]}, {"type": "decor", "variant": 2, "pos": [302.25, 113.75]}, {"type": "decor", "variant": 0, "pos": [227.5, 113.0]}, {"type": "decor", "variant": 0, "pos": [235.25, 16.0]}]}