{"tilemap": {"8;9": {"type": "grass", "variant": 8, "pos": [8, 9]}, "8;8": {"type": "grass", "variant": 1, "pos": [8, 8]}, "7;8": {"type": "grass", "variant": 1, "pos": [7, 8]}, "9;8": {"type": "grass", "variant": 1, "pos": [9, 8]}, "9;9": {"type": "grass", "variant": 8, "pos": [9, 9]}, "10;9": {"type": "grass", "variant": 8, "pos": [10, 9]}, "7;9": {"type": "grass", "variant": 8, "pos": [7, 9]}, "6;9": {"type": "grass", "variant": 6, "pos": [6, 9]}, "10;8": {"type": "grass", "variant": 1, "pos": [10, 8]}, "9;10": {"type": "grass", "variant": 8, "pos": [9, 10]}, "10;10": {"type": "grass", "variant": 8, "pos": [10, 10]}, "8;10": {"type": "grass", "variant": 5, "pos": [8, 10]}, "7;10": {"type": "grass", "variant": 6, "pos": [7, 10]}, "10;11": {"type": "grass", "variant": 5, "pos": [10, 11]}, "9;11": {"type": "grass", "variant": 6, "pos": [9, 11]}, "6;8": {"type": "grass", "variant": 0, "pos": [6, 8]}, "-2;11": {"type": "border", "variant": 0, "pos": [-2, 11]}, "-2;7": {"type": "border", "variant": 0, "pos": [-2, 7]}, "-2;3": {"type": "border", "variant": 0, "pos": [-2, 3]}, "6;16": {"type": "border", "variant": 1, "pos": [6, 16]}, "12;16": {"type": "border", "variant": 1, "pos": [12, 16]}, "18;16": {"type": "border", "variant": 1, "pos": [18, 16]}, "24;16": {"type": "border", "variant": 1, "pos": [24, 16]}, "11;8": {"type": "grass", "variant": 1, "pos": [11, 8]}, "11;9": {"type": "grass", "variant": 8, "pos": [11, 9]}, "11;10": {"type": "grass", "variant": 8, "pos": [11, 10]}, "11;11": {"type": "grass", "variant": 5, "pos": [11, 11]}, "12;10": {"type": "grass", "variant": 8, "pos": [12, 10]}, "13;9": {"type": "grass", "variant": 8, "pos": [13, 9]}, "12;9": {"type": "grass", "variant": 8, "pos": [12, 9]}, "12;8": {"type": "grass", "variant": 1, "pos": [12, 8]}, "13;8": {"type": "grass", "variant": 1, "pos": [13, 8]}, "14;9": {"type": "grass", "variant": 8, "pos": [14, 9]}, "14;10": {"type": "grass", "variant": 4, "pos": [14, 10]}, "13;10": {"type": "grass", "variant": 8, "pos": [13, 10]}, "15;8": {"type": "grass", "variant": 2, "pos": [15, 8]}, "15;9": {"type": "grass", "variant": 4, "pos": [15, 9]}, "14;8": {"type": "grass", "variant": 1, "pos": [14, 8]}, "12;11": {"type": "grass", "variant": 5, "pos": [12, 11]}, "13;11": {"type": "grass", "variant": 4, "pos": [13, 11]}, "19;8": {"type": "stone", "variant": 0, "pos": [19, 8]}, "19;9": {"type": "stone", "variant": 7, "pos": [19, 9]}, "19;10": {"type": "stone", "variant": 6, "pos": [19, 10]}, "20;10": {"type": "stone", "variant": 8, "pos": [20, 10]}, "20;11": {"type": "stone", "variant": 6, "pos": [20, 11]}, "21;10": {"type": "stone", "variant": 8, "pos": [21, 10]}, "20;9": {"type": "stone", "variant": 8, "pos": [20, 9]}, "20;8": {"type": "stone", "variant": 1, "pos": [20, 8]}, "21;8": {"type": "stone", "variant": 8, "pos": [21, 8]}, "21;7": {"type": "stone", "variant": 0, "pos": [21, 7]}, "22;7": {"type": "stone", "variant": 8, "pos": [22, 7]}, "22;6": {"type": "stone", "variant": 0, "pos": [22, 6]}, "22;8": {"type": "stone", "variant": 8, "pos": [22, 8]}, "22;9": {"type": "stone", "variant": 8, "pos": [22, 9]}, "21;9": {"type": "stone", "variant": 8, "pos": [21, 9]}, "22;10": {"type": "stone", "variant": 8, "pos": [22, 10]}, "22;11": {"type": "stone", "variant": 5, "pos": [22, 11]}, "21;11": {"type": "stone", "variant": 5, "pos": [21, 11]}, "23;9": {"type": "stone", "variant": 8, "pos": [23, 9]}, "23;8": {"type": "stone", "variant": 8, "pos": [23, 8]}, "23;7": {"type": "stone", "variant": 8, "pos": [23, 7]}, "23;6": {"type": "stone", "variant": 1, "pos": [23, 6]}, "23;10": {"type": "stone", "variant": 8, "pos": [23, 10]}, "24;9": {"type": "stone", "variant": 3, "pos": [24, 9]}, "24;8": {"type": "stone", "variant": 3, "pos": [24, 8]}, "24;7": {"type": "stone", "variant": 3, "pos": [24, 7]}, "24;6": {"type": "stone", "variant": 2, "pos": [24, 6]}, "24;10": {"type": "stone", "variant": 4, "pos": [24, 10]}, "23;11": {"type": "stone", "variant": 4, "pos": [23, 11]}, "27;6": {"type": "grass", "variant": 0, "pos": [27, 6]}, "27;7": {"type": "grass", "variant": 6, "pos": [27, 7]}, "28;7": {"type": "grass", "variant": 4, "pos": [28, 7]}, "28;6": {"type": "grass", "variant": 2, "pos": [28, 6]}, "31;6": {"type": "grass", "variant": 0, "pos": [31, 6]}, "31;7": {"type": "grass", "variant": 6, "pos": [31, 7]}, "32;7": {"type": "grass", "variant": 4, "pos": [32, 7]}, "32;6": {"type": "grass", "variant": 2, "pos": [32, 6]}, "35;6": {"type": "grass", "variant": 0, "pos": [35, 6]}, "35;7": {"type": "grass", "variant": 6, "pos": [35, 7]}, "36;7": {"type": "grass", "variant": 4, "pos": [36, 7]}, "36;6": {"type": "grass", "variant": 2, "pos": [36, 6]}, "39;5": {"type": "grass", "variant": 0, "pos": [39, 5]}, "39;6": {"type": "grass", "variant": 6, "pos": [39, 6]}, "40;6": {"type": "grass", "variant": 5, "pos": [40, 6]}, "41;6": {"type": "grass", "variant": 8, "pos": [41, 6]}, "41;5": {"type": "grass", "variant": 8, "pos": [41, 5]}, "41;4": {"type": "grass", "variant": 0, "pos": [41, 4]}, "40;5": {"type": "grass", "variant": 1, "pos": [40, 5]}, "42;4": {"type": "grass", "variant": 1, "pos": [42, 4]}, "43;4": {"type": "grass", "variant": 1, "pos": [43, 4]}, "44;4": {"type": "grass", "variant": 2, "pos": [44, 4]}, "44;5": {"type": "grass", "variant": 8, "pos": [44, 5]}, "43;5": {"type": "grass", "variant": 8, "pos": [43, 5]}, "43;6": {"type": "grass", "variant": 8, "pos": [43, 6]}, "42;6": {"type": "grass", "variant": 8, "pos": [42, 6]}, "42;7": {"type": "grass", "variant": 5, "pos": [42, 7]}, "41;7": {"type": "grass", "variant": 6, "pos": [41, 7]}, "43;7": {"type": "grass", "variant": 5, "pos": [43, 7]}, "44;7": {"type": "grass", "variant": 5, "pos": [44, 7]}, "42;5": {"type": "grass", "variant": 8, "pos": [42, 5]}, "44;6": {"type": "grass", "variant": 8, "pos": [44, 6]}, "45;7": {"type": "grass", "variant": 5, "pos": [45, 7]}, "45;6": {"type": "grass", "variant": 8, "pos": [45, 6]}, "45;5": {"type": "grass", "variant": 2, "pos": [45, 5]}, "46;6": {"type": "grass", "variant": 1, "pos": [46, 6]}, "46;7": {"type": "grass", "variant": 5, "pos": [46, 7]}, "47;7": {"type": "grass", "variant": 5, "pos": [47, 7]}, "47;6": {"type": "grass", "variant": 1, "pos": [47, 6]}, "49;6": {"type": "grass", "variant": 1, "pos": [49, 6]}, "50;6": {"type": "grass", "variant": 1, "pos": [50, 6]}, "51;6": {"type": "grass", "variant": 8, "pos": [51, 6]}, "52;6": {"type": "grass", "variant": 8, "pos": [52, 6]}, "48;6": {"type": "grass", "variant": 1, "pos": [48, 6]}, "49;7": {"type": "grass", "variant": 5, "pos": [49, 7]}, "50;7": {"type": "grass", "variant": 5, "pos": [50, 7]}, "51;7": {"type": "grass", "variant": 5, "pos": [51, 7]}, "52;7": {"type": "grass", "variant": 5, "pos": [52, 7]}, "53;7": {"type": "grass", "variant": 5, "pos": [53, 7]}, "53;6": {"type": "grass", "variant": 8, "pos": [53, 6]}, "54;6": {"type": "grass", "variant": 8, "pos": [54, 6]}, "48;7": {"type": "grass", "variant": 5, "pos": [48, 7]}, "51;5": {"type": "grass", "variant": 0, "pos": [51, 5]}, "52;5": {"type": "grass", "variant": 1, "pos": [52, 5]}, "53;5": {"type": "grass", "variant": 8, "pos": [53, 5]}, "54;5": {"type": "grass", "variant": 8, "pos": [54, 5]}, "55;5": {"type": "grass", "variant": 8, "pos": [55, 5]}, "55;6": {"type": "grass", "variant": 8, "pos": [55, 6]}, "54;7": {"type": "grass", "variant": 5, "pos": [54, 7]}, "55;7": {"type": "grass", "variant": 4, "pos": [55, 7]}, "56;4": {"type": "grass", "variant": 2, "pos": [56, 4]}, "54;4": {"type": "grass", "variant": 1, "pos": [54, 4]}, "55;4": {"type": "grass", "variant": 1, "pos": [55, 4]}, "56;5": {"type": "grass", "variant": 3, "pos": [56, 5]}, "56;6": {"type": "grass", "variant": 4, "pos": [56, 6]}, "53;4": {"type": "grass", "variant": 0, "pos": [53, 4]}, "28;16": {"type": "border", "variant": 1, "pos": [28, 16]}, "33;16": {"type": "border", "variant": 1, "pos": [33, 16]}, "40;16": {"type": "border", "variant": 1, "pos": [40, 16]}, "47;16": {"type": "border", "variant": 1, "pos": [47, 16]}, "53;16": {"type": "border", "variant": 1, "pos": [53, 16]}, "58;16": {"type": "border", "variant": 1, "pos": [58, 16]}, "60;16": {"type": "border", "variant": 1, "pos": [60, 16]}, "60;10": {"type": "border", "variant": 0, "pos": [60, 10]}, "60;1": {"type": "border", "variant": 0, "pos": [60, 1]}, "60;-2": {"type": "border", "variant": 0, "pos": [60, -2]}, "60;-5": {"type": "border", "variant": 0, "pos": [60, -5]}}, "tile_size": 16, "offgrid": [{"type": "spawners", "variant": 0, "pos": [100.25, 109.5]}, {"type": "large_decor", "variant": 2, "pos": [153.5, 85.75]}, {"type": "large_decor", "variant": 1, "pos": [119.75, 116.25]}, {"type": "decor", "variant": 0, "pos": [150.25, 113.75]}, {"type": "decor", "variant": 1, "pos": [163.25, 112.75]}, {"type": "spawners", "variant": 1, "pos": [149.0, 108.25]}, {"type": "spawners", "variant": 2, "pos": [206.5, 38.25]}, {"type": "spawners", "variant": 2, "pos": [236.0, 59.75]}, {"type": "spawners", "variant": 1, "pos": [384.0, 76.0]}, {"type": "spawners", "variant": 2, "pos": [327.75, 48.5]}, {"type": "spawners", "variant": 2, "pos": [444.75, 36.0]}, {"type": "spawners", "variant": 2, "pos": [499.25, 35.5]}, {"type": "spawners", "variant": 2, "pos": [573.75, 34.0]}, {"type": "spawners", "variant": 2, "pos": [686.5, 0.0]}, {"type": "spawners", "variant": 2, "pos": [868.0, -2.0]}, {"type": "spawners", "variant": 1, "pos": [790.5, 74.75]}, {"type": "spawners", "variant": 1, "pos": [876.25, 35.5]}, {"type": "large_decor", "variant": 0, "pos": [355.75, 87.25]}, {"type": "decor", "variant": 3, "pos": [322.75, 112.5]}, {"type": "decor", "variant": 0, "pos": [432.75, 80.75]}, {"type": "decor", "variant": 2, "pos": [513.0, 81.25]}, {"type": "decor", "variant": 1, "pos": [503.5, 81.25]}, {"type": "decor", "variant": 0, "pos": [560.75, 80.25]}, {"type": "decor", "variant": 1, "pos": [567.0, 80.5]}, {"type": "large_decor", "variant": 2, "pos": [661.25, 22.0]}, {"type": "large_decor", "variant": 0, "pos": [871.75, 55.75]}, {"type": "large_decor", "variant": 1, "pos": [822.5, 70.25]}, {"type": "large_decor", "variant": 1, "pos": [861.25, 53.5]}, {"type": "large_decor", "variant": 1, "pos": [677.75, 53.0]}, {"type": "decor", "variant": 0, "pos": [628.0, 64.5]}, {"type": "decor", "variant": 1, "pos": [658.75, 48.0]}, {"type": "decor", "variant": 2, "pos": [755.25, 80.5]}, {"type": "decor", "variant": 0, "pos": [829.75, 65.5]}, {"type": "large_decor", "variant": 2, "pos": [738.5, 54.0]}]}