{"tilemap": {"8;9": {"type": "grass", "variant": 8, "pos": [8, 9]}, "8;8": {"type": "grass", "variant": 1, "pos": [8, 8]}, "7;8": {"type": "grass", "variant": 1, "pos": [7, 8]}, "9;8": {"type": "grass", "variant": 1, "pos": [9, 8]}, "9;9": {"type": "grass", "variant": 8, "pos": [9, 9]}, "10;9": {"type": "grass", "variant": 3, "pos": [10, 9]}, "7;9": {"type": "grass", "variant": 8, "pos": [7, 9]}, "6;9": {"type": "grass", "variant": 6, "pos": [6, 9]}, "10;8": {"type": "grass", "variant": 2, "pos": [10, 8]}, "9;10": {"type": "grass", "variant": 8, "pos": [9, 10]}, "10;10": {"type": "grass", "variant": 3, "pos": [10, 10]}, "8;10": {"type": "grass", "variant": 5, "pos": [8, 10]}, "7;10": {"type": "grass", "variant": 6, "pos": [7, 10]}, "10;11": {"type": "grass", "variant": 4, "pos": [10, 11]}, "9;11": {"type": "grass", "variant": 6, "pos": [9, 11]}, "6;8": {"type": "grass", "variant": 0, "pos": [6, 8]}, "-2;11": {"type": "border", "variant": 0, "pos": [-2, 11]}, "-2;7": {"type": "border", "variant": 0, "pos": [-2, 7]}, "-2;3": {"type": "border", "variant": 0, "pos": [-2, 3]}, "6;16": {"type": "border", "variant": 1, "pos": [6, 16]}, "12;16": {"type": "border", "variant": 1, "pos": [12, 16]}, "18;16": {"type": "border", "variant": 1, "pos": [18, 16]}, "24;16": {"type": "border", "variant": 1, "pos": [24, 16]}, "19;11": {"type": "grass", "variant": 5, "pos": [19, 11]}, "20;11": {"type": "grass", "variant": 5, "pos": [20, 11]}, "20;10": {"type": "grass", "variant": 8, "pos": [20, 10]}, "19;9": {"type": "grass", "variant": 8, "pos": [19, 9]}, "19;8": {"type": "grass", "variant": 1, "pos": [19, 8]}, "20;8": {"type": "grass", "variant": 1, "pos": [20, 8]}, "20;9": {"type": "grass", "variant": 8, "pos": [20, 9]}, "19;10": {"type": "grass", "variant": 8, "pos": [19, 10]}, "21;9": {"type": "grass", "variant": 8, "pos": [21, 9]}, "22;9": {"type": "grass", "variant": 8, "pos": [22, 9]}, "21;8": {"type": "grass", "variant": 1, "pos": [21, 8]}, "22;8": {"type": "grass", "variant": 1, "pos": [22, 8]}, "22;10": {"type": "grass", "variant": 8, "pos": [22, 10]}, "21;10": {"type": "grass", "variant": 8, "pos": [21, 10]}, "22;11": {"type": "grass", "variant": 4, "pos": [22, 11]}, "21;11": {"type": "grass", "variant": 5, "pos": [21, 11]}, "23;9": {"type": "grass", "variant": 8, "pos": [23, 9]}, "23;8": {"type": "grass", "variant": 1, "pos": [23, 8]}, "23;10": {"type": "grass", "variant": 5, "pos": [23, 10]}, "24;10": {"type": "grass", "variant": 4, "pos": [24, 10]}, "24;9": {"type": "grass", "variant": 8, "pos": [24, 9]}, "24;8": {"type": "grass", "variant": 1, "pos": [24, 8]}, "25;8": {"type": "grass", "variant": 2, "pos": [25, 8]}, "25;9": {"type": "grass", "variant": 4, "pos": [25, 9]}, "18;8": {"type": "grass", "variant": 0, "pos": [18, 8]}, "18;9": {"type": "grass", "variant": 7, "pos": [18, 9]}, "18;10": {"type": "grass", "variant": 7, "pos": [18, 10]}, "18;11": {"type": "grass", "variant": 6, "pos": [18, 11]}, "33;8": {"type": "stone", "variant": 0, "pos": [33, 8]}, "34;9": {"type": "stone", "variant": 8, "pos": [34, 9]}, "35;9": {"type": "stone", "variant": 8, "pos": [35, 9]}, "35;8": {"type": "stone", "variant": 1, "pos": [35, 8]}, "34;8": {"type": "stone", "variant": 1, "pos": [34, 8]}, "36;8": {"type": "stone", "variant": 1, "pos": [36, 8]}, "36;9": {"type": "stone", "variant": 8, "pos": [36, 9]}, "37;9": {"type": "stone", "variant": 8, "pos": [37, 9]}, "35;10": {"type": "stone", "variant": 5, "pos": [35, 10]}, "34;10": {"type": "stone", "variant": 6, "pos": [34, 10]}, "36;10": {"type": "stone", "variant": 5, "pos": [36, 10]}, "37;8": {"type": "stone", "variant": 1, "pos": [37, 8]}, "38;8": {"type": "stone", "variant": 1, "pos": [38, 8]}, "38;9": {"type": "stone", "variant": 8, "pos": [38, 9]}, "37;10": {"type": "stone", "variant": 5, "pos": [37, 10]}, "38;10": {"type": "stone", "variant": 5, "pos": [38, 10]}, "39;10": {"type": "stone", "variant": 5, "pos": [39, 10]}, "39;9": {"type": "stone", "variant": 8, "pos": [39, 9]}, "33;9": {"type": "stone", "variant": 6, "pos": [33, 9]}, "39;8": {"type": "stone", "variant": 8, "pos": [39, 8]}, "39;7": {"type": "stone", "variant": 0, "pos": [39, 7]}, "40;7": {"type": "stone", "variant": 1, "pos": [40, 7]}, "41;7": {"type": "stone", "variant": 1, "pos": [41, 7]}, "42;7": {"type": "stone", "variant": 2, "pos": [42, 7]}, "42;8": {"type": "stone", "variant": 3, "pos": [42, 8]}, "41;9": {"type": "stone", "variant": 8, "pos": [41, 9]}, "40;9": {"type": "stone", "variant": 8, "pos": [40, 9]}, "41;8": {"type": "stone", "variant": 8, "pos": [41, 8]}, "40;8": {"type": "stone", "variant": 8, "pos": [40, 8]}, "42;9": {"type": "stone", "variant": 4, "pos": [42, 9]}, "40;10": {"type": "stone", "variant": 5, "pos": [40, 10]}, "41;10": {"type": "stone", "variant": 4, "pos": [41, 10]}}, "tile_size": 16, "offgrid": [{"type": "spawners", "variant": 0, "pos": [100.25, 109.5]}, {"type": "large_decor", "variant": 2, "pos": [153.5, 85.75]}, {"type": "large_decor", "variant": 1, "pos": [119.75, 116.25]}, {"type": "decor", "variant": 0, "pos": [150.25, 113.75]}, {"type": "decor", "variant": 1, "pos": [163.25, 112.75]}, {"type": "spawners", "variant": 1, "pos": [392.5, 105.25]}, {"type": "spawners", "variant": 2, "pos": [306.0, 49.25]}, {"type": "spawners", "variant": 1, "pos": [638.25, 90.25]}, {"type": "spawners", "variant": 2, "pos": [533.75, 61.25]}, {"type": "spawners", "variant": 2, "pos": [597.5, 61.25]}, {"type": "spawners", "variant": 1, "pos": [604.5, 108.75]}]}