{"tilemap": {"8;9": {"type": "grass", "variant": 8, "pos": [8, 9]}, "8;8": {"type": "grass", "variant": 1, "pos": [8, 8]}, "7;8": {"type": "grass", "variant": 1, "pos": [7, 8]}, "9;8": {"type": "grass", "variant": 1, "pos": [9, 8]}, "9;9": {"type": "grass", "variant": 8, "pos": [9, 9]}, "10;9": {"type": "grass", "variant": 8, "pos": [10, 9]}, "7;9": {"type": "grass", "variant": 8, "pos": [7, 9]}, "6;9": {"type": "grass", "variant": 6, "pos": [6, 9]}, "10;8": {"type": "grass", "variant": 1, "pos": [10, 8]}, "9;10": {"type": "grass", "variant": 8, "pos": [9, 10]}, "10;10": {"type": "grass", "variant": 8, "pos": [10, 10]}, "8;10": {"type": "grass", "variant": 5, "pos": [8, 10]}, "7;10": {"type": "grass", "variant": 6, "pos": [7, 10]}, "10;11": {"type": "grass", "variant": 4, "pos": [10, 11]}, "9;11": {"type": "grass", "variant": 6, "pos": [9, 11]}, "6;8": {"type": "grass", "variant": 0, "pos": [6, 8]}, "-2;11": {"type": "border", "variant": 0, "pos": [-2, 11]}, "-2;7": {"type": "border", "variant": 0, "pos": [-2, 7]}, "-2;3": {"type": "border", "variant": 0, "pos": [-2, 3]}, "6;16": {"type": "border", "variant": 1, "pos": [6, 16]}, "12;16": {"type": "border", "variant": 1, "pos": [12, 16]}, "18;16": {"type": "border", "variant": 1, "pos": [18, 16]}, "24;16": {"type": "border", "variant": 1, "pos": [24, 16]}, "11;8": {"type": "grass", "variant": 1, "pos": [11, 8]}, "11;9": {"type": "grass", "variant": 8, "pos": [11, 9]}, "12;9": {"type": "grass", "variant": 4, "pos": [12, 9]}, "12;8": {"type": "grass", "variant": 2, "pos": [12, 8]}, "11;10": {"type": "grass", "variant": 4, "pos": [11, 10]}, "14;7": {"type": "grass", "variant": 0, "pos": [14, 7]}, "16;6": {"type": "grass", "variant": 0, "pos": [16, 6]}, "24;6": {"type": "grass", "variant": 0, "pos": [24, 6]}, "26;4": {"type": "grass", "variant": 0, "pos": [26, 4]}, "28;2": {"type": "grass", "variant": 0, "pos": [28, 2]}, "30;4": {"type": "stone", "variant": 0, "pos": [30, 4]}, "35;4": {"type": "stone", "variant": 0, "pos": [35, 4]}, "38;3": {"type": "stone", "variant": 0, "pos": [38, 3]}, "42;3": {"type": "stone", "variant": 0, "pos": [42, 3]}, "48;3": {"type": "stone", "variant": 0, "pos": [48, 3]}, "53;3": {"type": "stone", "variant": 0, "pos": [53, 3]}, "54;3": {"type": "stone", "variant": 1, "pos": [54, 3]}, "55;3": {"type": "stone", "variant": 1, "pos": [55, 3]}, "56;3": {"type": "stone", "variant": 1, "pos": [56, 3]}, "57;3": {"type": "stone", "variant": 1, "pos": [57, 3]}, "57;4": {"type": "stone", "variant": 8, "pos": [57, 4]}, "56;4": {"type": "stone", "variant": 8, "pos": [56, 4]}, "56;5": {"type": "stone", "variant": 5, "pos": [56, 5]}, "55;5": {"type": "stone", "variant": 5, "pos": [55, 5]}, "54;5": {"type": "stone", "variant": 5, "pos": [54, 5]}, "53;4": {"type": "stone", "variant": 7, "pos": [53, 4]}, "54;4": {"type": "stone", "variant": 8, "pos": [54, 4]}, "55;4": {"type": "stone", "variant": 8, "pos": [55, 4]}, "53;5": {"type": "stone", "variant": 6, "pos": [53, 5]}, "57;5": {"type": "stone", "variant": 4, "pos": [57, 5]}, "58;4": {"type": "stone", "variant": 5, "pos": [58, 4]}, "58;3": {"type": "stone", "variant": 1, "pos": [58, 3]}, "59;3": {"type": "stone", "variant": 2, "pos": [59, 3]}, "28;16": {"type": "border", "variant": 1, "pos": [28, 16]}, "34;16": {"type": "border", "variant": 1, "pos": [34, 16]}, "38;16": {"type": "border", "variant": 1, "pos": [38, 16]}, "42;16": {"type": "border", "variant": 1, "pos": [42, 16]}, "45;16": {"type": "border", "variant": 1, "pos": [45, 16]}, "51;16": {"type": "border", "variant": 1, "pos": [51, 16]}, "58;16": {"type": "border", "variant": 1, "pos": [58, 16]}, "62;16": {"type": "border", "variant": 1, "pos": [62, 16]}, "62;12": {"type": "border", "variant": 0, "pos": [62, 12]}, "62;7": {"type": "border", "variant": 0, "pos": [62, 7]}, "62;1": {"type": "border", "variant": 0, "pos": [62, 1]}, "62;-4": {"type": "border", "variant": 0, "pos": [62, -4]}, "62;-7": {"type": "border", "variant": 0, "pos": [62, -7]}, "59;4": {"type": "stone", "variant": 4, "pos": [59, 4]}}, "tile_size": 16, "offgrid": [{"type": "spawners", "variant": 0, "pos": [100.25, 109.5]}, {"type": "large_decor", "variant": 2, "pos": [153.5, 85.75]}, {"type": "large_decor", "variant": 1, "pos": [119.75, 116.25]}, {"type": "decor", "variant": 0, "pos": [150.25, 113.75]}, {"type": "decor", "variant": 1, "pos": [163.25, 112.75]}, {"type": "spawners", "variant": 1, "pos": [940.5, 27.0]}, {"type": "spawners", "variant": 2, "pos": [873.75, -23.75]}]}