{"tilemap": {"8;9": {"type": "grass", "variant": 8, "pos": [8, 9]}, "8;8": {"type": "grass", "variant": 1, "pos": [8, 8]}, "7;8": {"type": "grass", "variant": 1, "pos": [7, 8]}, "9;8": {"type": "grass", "variant": 1, "pos": [9, 8]}, "9;9": {"type": "grass", "variant": 8, "pos": [9, 9]}, "10;9": {"type": "grass", "variant": 3, "pos": [10, 9]}, "7;9": {"type": "grass", "variant": 8, "pos": [7, 9]}, "6;9": {"type": "grass", "variant": 6, "pos": [6, 9]}, "10;8": {"type": "grass", "variant": 2, "pos": [10, 8]}, "9;10": {"type": "grass", "variant": 8, "pos": [9, 10]}, "10;10": {"type": "grass", "variant": 3, "pos": [10, 10]}, "8;10": {"type": "grass", "variant": 5, "pos": [8, 10]}, "7;10": {"type": "grass", "variant": 6, "pos": [7, 10]}, "10;11": {"type": "grass", "variant": 4, "pos": [10, 11]}, "9;11": {"type": "grass", "variant": 6, "pos": [9, 11]}, "6;8": {"type": "grass", "variant": 0, "pos": [6, 8]}, "-2;11": {"type": "border", "variant": 0, "pos": [-2, 11]}, "-2;7": {"type": "border", "variant": 0, "pos": [-2, 7]}, "-2;3": {"type": "border", "variant": 0, "pos": [-2, 3]}, "6;16": {"type": "border", "variant": 1, "pos": [6, 16]}, "12;16": {"type": "border", "variant": 1, "pos": [12, 16]}, "18;16": {"type": "border", "variant": 1, "pos": [18, 16]}, "24;16": {"type": "border", "variant": 1, "pos": [24, 16]}, "15;8": {"type": "grass", "variant": 0, "pos": [15, 8]}, "16;8": {"type": "grass", "variant": 1, "pos": [16, 8]}, "17;8": {"type": "grass", "variant": 1, "pos": [17, 8]}, "18;8": {"type": "grass", "variant": 1, "pos": [18, 8]}, "19;8": {"type": "grass", "variant": 1, "pos": [19, 8]}, "20;8": {"type": "grass", "variant": 1, "pos": [20, 8]}, "21;8": {"type": "grass", "variant": 1, "pos": [21, 8]}, "15;9": {"type": "grass", "variant": 6, "pos": [15, 9]}, "16;9": {"type": "grass", "variant": 8, "pos": [16, 9]}, "17;9": {"type": "grass", "variant": 8, "pos": [17, 9]}, "18;9": {"type": "grass", "variant": 8, "pos": [18, 9]}, "19;9": {"type": "grass", "variant": 8, "pos": [19, 9]}, "20;9": {"type": "grass", "variant": 8, "pos": [20, 9]}, "21;9": {"type": "grass", "variant": 8, "pos": [21, 9]}, "16;10": {"type": "grass", "variant": 6, "pos": [16, 10]}, "17;10": {"type": "grass", "variant": 5, "pos": [17, 10]}, "18;10": {"type": "grass", "variant": 5, "pos": [18, 10]}, "19;10": {"type": "grass", "variant": 5, "pos": [19, 10]}, "20;10": {"type": "grass", "variant": 5, "pos": [20, 10]}, "18;5": {"type": "grass", "variant": 0, "pos": [18, 5]}, "19;5": {"type": "grass", "variant": 4, "pos": [19, 5]}, "20;4": {"type": "grass", "variant": 1, "pos": [20, 4]}, "19;4": {"type": "grass", "variant": 0, "pos": [19, 4]}, "21;4": {"type": "grass", "variant": 1, "pos": [21, 4]}, "21;5": {"type": "grass", "variant": 5, "pos": [21, 5]}, "22;4": {"type": "grass", "variant": 1, "pos": [22, 4]}, "23;4": {"type": "grass", "variant": 1, "pos": [23, 4]}, "23;5": {"type": "grass", "variant": 6, "pos": [23, 5]}, "22;8": {"type": "grass", "variant": 1, "pos": [22, 8]}, "22;9": {"type": "grass", "variant": 8, "pos": [22, 9]}, "23;9": {"type": "grass", "variant": 8, "pos": [23, 9]}, "24;9": {"type": "grass", "variant": 8, "pos": [24, 9]}, "24;8": {"type": "grass", "variant": 1, "pos": [24, 8]}, "23;8": {"type": "grass", "variant": 1, "pos": [23, 8]}, "21;10": {"type": "grass", "variant": 5, "pos": [21, 10]}, "22;10": {"type": "grass", "variant": 5, "pos": [22, 10]}, "23;10": {"type": "grass", "variant": 5, "pos": [23, 10]}, "24;10": {"type": "grass", "variant": 5, "pos": [24, 10]}, "24;5": {"type": "grass", "variant": 5, "pos": [24, 5]}, "24;4": {"type": "grass", "variant": 1, "pos": [24, 4]}, "25;8": {"type": "grass", "variant": 2, "pos": [25, 8]}, "25;9": {"type": "grass", "variant": 8, "pos": [25, 9]}, "25;10": {"type": "grass", "variant": 5, "pos": [25, 10]}, "26;10": {"type": "grass", "variant": 5, "pos": [26, 10]}, "26;9": {"type": "grass", "variant": 1, "pos": [26, 9]}, "27;9": {"type": "grass", "variant": 1, "pos": [27, 9]}, "28;9": {"type": "grass", "variant": 1, "pos": [28, 9]}, "28;10": {"type": "grass", "variant": 5, "pos": [28, 10]}, "27;10": {"type": "grass", "variant": 5, "pos": [27, 10]}, "25;4": {"type": "grass", "variant": 2, "pos": [25, 4]}, "25;5": {"type": "grass", "variant": 4, "pos": [25, 5]}, "29;9": {"type": "grass", "variant": 1, "pos": [29, 9]}, "29;10": {"type": "grass", "variant": 5, "pos": [29, 10]}, "30;10": {"type": "grass", "variant": 4, "pos": [30, 10]}, "30;9": {"type": "grass", "variant": 2, "pos": [30, 9]}, "34;9": {"type": "stone", "variant": 0, "pos": [34, 9]}, "34;10": {"type": "stone", "variant": 6, "pos": [34, 10]}, "35;10": {"type": "stone", "variant": 5, "pos": [35, 10]}, "35;9": {"type": "stone", "variant": 8, "pos": [35, 9]}, "36;9": {"type": "stone", "variant": 8, "pos": [36, 9]}, "36;8": {"type": "stone", "variant": 1, "pos": [36, 8]}, "35;8": {"type": "stone", "variant": 0, "pos": [35, 8]}, "37;8": {"type": "stone", "variant": 1, "pos": [37, 8]}, "37;9": {"type": "stone", "variant": 8, "pos": [37, 9]}, "37;10": {"type": "stone", "variant": 5, "pos": [37, 10]}, "36;10": {"type": "stone", "variant": 5, "pos": [36, 10]}, "38;9": {"type": "stone", "variant": 8, "pos": [38, 9]}, "38;8": {"type": "stone", "variant": 8, "pos": [38, 8]}, "39;8": {"type": "stone", "variant": 8, "pos": [39, 8]}, "40;8": {"type": "stone", "variant": 8, "pos": [40, 8]}, "41;9": {"type": "stone", "variant": 3, "pos": [41, 9]}, "41;10": {"type": "stone", "variant": 4, "pos": [41, 10]}, "40;10": {"type": "stone", "variant": 5, "pos": [40, 10]}, "39;10": {"type": "stone", "variant": 5, "pos": [39, 10]}, "39;9": {"type": "stone", "variant": 8, "pos": [39, 9]}, "40;9": {"type": "stone", "variant": 8, "pos": [40, 9]}, "38;10": {"type": "stone", "variant": 5, "pos": [38, 10]}, "39;7": {"type": "stone", "variant": 1, "pos": [39, 7]}, "38;7": {"type": "stone", "variant": 0, "pos": [38, 7]}, "40;7": {"type": "stone", "variant": 2, "pos": [40, 7]}, "41;8": {"type": "stone", "variant": 2, "pos": [41, 8]}, "44;6": {"type": "stone", "variant": 0, "pos": [44, 6]}, "44;7": {"type": "stone", "variant": 6, "pos": [44, 7]}, "45;7": {"type": "stone", "variant": 4, "pos": [45, 7]}, "45;6": {"type": "stone", "variant": 2, "pos": [45, 6]}, "48;5": {"type": "stone", "variant": 0, "pos": [48, 5]}, "48;6": {"type": "stone", "variant": 6, "pos": [48, 6]}, "49;6": {"type": "stone", "variant": 4, "pos": [49, 6]}, "49;5": {"type": "stone", "variant": 2, "pos": [49, 5]}, "53;5": {"type": "stone", "variant": 0, "pos": [53, 5]}, "53;6": {"type": "stone", "variant": 6, "pos": [53, 6]}, "54;6": {"type": "stone", "variant": 4, "pos": [54, 6]}, "54;5": {"type": "stone", "variant": 2, "pos": [54, 5]}, "57;4": {"type": "stone", "variant": 0, "pos": [57, 4]}, "60;3": {"type": "stone", "variant": 0, "pos": [60, 3]}, "64;3": {"type": "stone", "variant": 0, "pos": [64, 3]}, "66;8": {"type": "grass", "variant": 0, "pos": [66, 8]}, "67;8": {"type": "grass", "variant": 1, "pos": [67, 8]}, "68;8": {"type": "grass", "variant": 1, "pos": [68, 8]}, "69;8": {"type": "grass", "variant": 1, "pos": [69, 8]}, "70;8": {"type": "grass", "variant": 1, "pos": [70, 8]}, "71;8": {"type": "grass", "variant": 1, "pos": [71, 8]}, "72;8": {"type": "grass", "variant": 1, "pos": [72, 8]}, "73;8": {"type": "grass", "variant": 2, "pos": [73, 8]}, "73;9": {"type": "grass", "variant": 4, "pos": [73, 9]}, "72;9": {"type": "grass", "variant": 8, "pos": [72, 9]}, "71;9": {"type": "grass", "variant": 8, "pos": [71, 9]}, "70;9": {"type": "grass", "variant": 8, "pos": [70, 9]}, "69;9": {"type": "grass", "variant": 8, "pos": [69, 9]}, "68;9": {"type": "grass", "variant": 8, "pos": [68, 9]}, "67;9": {"type": "grass", "variant": 8, "pos": [67, 9]}, "67;10": {"type": "grass", "variant": 6, "pos": [67, 10]}, "68;10": {"type": "grass", "variant": 5, "pos": [68, 10]}, "69;10": {"type": "grass", "variant": 5, "pos": [69, 10]}, "70;10": {"type": "grass", "variant": 5, "pos": [70, 10]}, "71;10": {"type": "grass", "variant": 5, "pos": [71, 10]}, "72;10": {"type": "grass", "variant": 4, "pos": [72, 10]}, "66;9": {"type": "grass", "variant": 6, "pos": [66, 9]}}, "tile_size": 16, "offgrid": [{"type": "spawners", "variant": 0, "pos": [100.25, 109.5]}, {"type": "large_decor", "variant": 2, "pos": [153.5, 85.75]}, {"type": "large_decor", "variant": 1, "pos": [119.75, 116.25]}, {"type": "decor", "variant": 0, "pos": [150.25, 113.75]}, {"type": "decor", "variant": 1, "pos": [163.25, 112.75]}, {"type": "spawners", "variant": 2, "pos": [321.25, 80.5]}, {"type": "spawners", "variant": 2, "pos": [353.5, 80.75]}, {"type": "spawners", "variant": 1, "pos": [462.75, 124.75]}, {"type": "spawners", "variant": 1, "pos": [589.25, 108.25]}, {"type": "spawners", "variant": 1, "pos": [642.0, 92.0]}, {"type": "spawners", "variant": 2, "pos": [617.75, 60.5]}, {"type": "spawners", "variant": 3, "pos": [1152.25, 93.75]}, {"type": "large_decor", "variant": 0, "pos": [1060.5, 121.0]}, {"type": "large_decor", "variant": 2, "pos": [1076.25, 86.75]}, {"type": "decor", "variant": 0, "pos": [479.0, 129.75]}, {"type": "decor", "variant": 1, "pos": [402.25, 117.0]}, {"type": "decor", "variant": 2, "pos": [310.75, 48.5]}, {"type": "decor", "variant": 2, "pos": [275.25, 113.0]}, {"type": "decor", "variant": 3, "pos": [291.5, 65.5]}, {"type": "decor", "variant": 3, "pos": [599.0, 114.0]}, {"type": "large_decor", "variant": 0, "pos": [338.0, 56.25]}, {"type": "large_decor", "variant": 0, "pos": [617.75, 104.5]}]}