{"tilemap": {"8;9": {"type": "grass", "variant": 8, "pos": [8, 9]}, "8;8": {"type": "grass", "variant": 1, "pos": [8, 8]}, "7;8": {"type": "grass", "variant": 1, "pos": [7, 8]}, "9;8": {"type": "grass", "variant": 1, "pos": [9, 8]}, "9;9": {"type": "grass", "variant": 8, "pos": [9, 9]}, "10;9": {"type": "grass", "variant": 8, "pos": [10, 9]}, "7;9": {"type": "grass", "variant": 8, "pos": [7, 9]}, "6;9": {"type": "grass", "variant": 6, "pos": [6, 9]}, "10;8": {"type": "grass", "variant": 1, "pos": [10, 8]}, "9;10": {"type": "grass", "variant": 8, "pos": [9, 10]}, "10;10": {"type": "grass", "variant": 8, "pos": [10, 10]}, "8;10": {"type": "grass", "variant": 5, "pos": [8, 10]}, "7;10": {"type": "grass", "variant": 6, "pos": [7, 10]}, "10;11": {"type": "grass", "variant": 4, "pos": [10, 11]}, "9;11": {"type": "grass", "variant": 6, "pos": [9, 11]}, "6;8": {"type": "grass", "variant": 0, "pos": [6, 8]}, "-2;11": {"type": "border", "variant": 0, "pos": [-2, 11]}, "-2;7": {"type": "border", "variant": 0, "pos": [-2, 7]}, "6;16": {"type": "border", "variant": 1, "pos": [6, 16]}, "12;16": {"type": "border", "variant": 1, "pos": [12, 16]}, "18;16": {"type": "border", "variant": 1, "pos": [18, 16]}, "24;16": {"type": "border", "variant": 1, "pos": [24, 16]}, "24;13": {"type": "border", "variant": 0, "pos": [24, 13]}, "24;10": {"type": "border", "variant": 0, "pos": [24, 10]}, "24;8": {"type": "border", "variant": 0, "pos": [24, 8]}, "24;7": {"type": "border", "variant": 0, "pos": [24, 7]}, "11;8": {"type": "grass", "variant": 1, "pos": [11, 8]}, "11;9": {"type": "grass", "variant": 8, "pos": [11, 9]}, "11;10": {"type": "grass", "variant": 5, "pos": [11, 10]}, "12;10": {"type": "grass", "variant": 4, "pos": [12, 10]}, "12;9": {"type": "grass", "variant": 8, "pos": [12, 9]}, "12;8": {"type": "grass", "variant": 1, "pos": [12, 8]}, "13;8": {"type": "grass", "variant": 2, "pos": [13, 8]}, "13;9": {"type": "grass", "variant": 4, "pos": [13, 9]}, "8;5": {"type": "grass", "variant": 4, "pos": [8, 5]}, "8;4": {"type": "grass", "variant": 3, "pos": [8, 4]}, "8;3": {"type": "grass", "variant": 3, "pos": [8, 3]}, "8;2": {"type": "grass", "variant": 3, "pos": [8, 2]}, "8;1": {"type": "grass", "variant": 3, "pos": [8, 1]}, "8;0": {"type": "grass", "variant": 3, "pos": [8, 0]}, "11;5": {"type": "grass", "variant": 6, "pos": [11, 5]}, "11;4": {"type": "grass", "variant": 7, "pos": [11, 4]}, "11;3": {"type": "grass", "variant": 7, "pos": [11, 3]}, "11;2": {"type": "grass", "variant": 7, "pos": [11, 2]}, "11;1": {"type": "grass", "variant": 7, "pos": [11, 1]}, "11;0": {"type": "grass", "variant": 7, "pos": [11, 0]}, "11;-1": {"type": "grass", "variant": 7, "pos": [11, -1]}, "11;-2": {"type": "grass", "variant": 7, "pos": [11, -2]}, "11;-3": {"type": "grass", "variant": 7, "pos": [11, -3]}, "11;-4": {"type": "grass", "variant": 7, "pos": [11, -4]}, "8;-1": {"type": "grass", "variant": 3, "pos": [8, -1]}, "8;-2": {"type": "grass", "variant": 3, "pos": [8, -2]}, "8;-3": {"type": "grass", "variant": 3, "pos": [8, -3]}, "8;-4": {"type": "grass", "variant": 3, "pos": [8, -4]}, "8;-5": {"type": "grass", "variant": 2, "pos": [8, -5]}, "11;-5": {"type": "grass", "variant": 0, "pos": [11, -5]}, "7;5": {"type": "grass", "variant": 5, "pos": [7, 5]}, "7;4": {"type": "grass", "variant": 8, "pos": [7, 4]}, "7;3": {"type": "grass", "variant": 8, "pos": [7, 3]}, "7;2": {"type": "grass", "variant": 8, "pos": [7, 2]}, "7;1": {"type": "grass", "variant": 8, "pos": [7, 1]}, "7;0": {"type": "grass", "variant": 8, "pos": [7, 0]}, "7;-1": {"type": "grass", "variant": 8, "pos": [7, -1]}, "7;-2": {"type": "grass", "variant": 8, "pos": [7, -2]}, "7;-3": {"type": "grass", "variant": 8, "pos": [7, -3]}, "7;-4": {"type": "grass", "variant": 8, "pos": [7, -4]}, "7;-5": {"type": "grass", "variant": 1, "pos": [7, -5]}, "12;-5": {"type": "grass", "variant": 1, "pos": [12, -5]}, "12;-4": {"type": "grass", "variant": 8, "pos": [12, -4]}, "12;-3": {"type": "grass", "variant": 8, "pos": [12, -3]}, "12;-2": {"type": "grass", "variant": 8, "pos": [12, -2]}, "12;-1": {"type": "grass", "variant": 8, "pos": [12, -1]}, "12;0": {"type": "grass", "variant": 8, "pos": [12, 0]}, "12;1": {"type": "grass", "variant": 8, "pos": [12, 1]}, "12;2": {"type": "grass", "variant": 8, "pos": [12, 2]}, "12;3": {"type": "grass", "variant": 8, "pos": [12, 3]}, "12;4": {"type": "grass", "variant": 8, "pos": [12, 4]}, "12;5": {"type": "grass", "variant": 5, "pos": [12, 5]}, "6;5": {"type": "grass", "variant": 5, "pos": [6, 5]}, "5;5": {"type": "grass", "variant": 5, "pos": [5, 5]}, "4;5": {"type": "grass", "variant": 5, "pos": [4, 5]}, "4;4": {"type": "grass", "variant": 8, "pos": [4, 4]}, "4;3": {"type": "grass", "variant": 8, "pos": [4, 3]}, "4;2": {"type": "grass", "variant": 8, "pos": [4, 2]}, "4;1": {"type": "grass", "variant": 8, "pos": [4, 1]}, "4;0": {"type": "grass", "variant": 8, "pos": [4, 0]}, "4;-1": {"type": "grass", "variant": 8, "pos": [4, -1]}, "4;-2": {"type": "grass", "variant": 8, "pos": [4, -2]}, "4;-3": {"type": "grass", "variant": 8, "pos": [4, -3]}, "4;-4": {"type": "grass", "variant": 8, "pos": [4, -4]}, "4;-5": {"type": "grass", "variant": 1, "pos": [4, -5]}, "5;-4": {"type": "grass", "variant": 8, "pos": [5, -4]}, "6;-4": {"type": "grass", "variant": 8, "pos": [6, -4]}, "6;-3": {"type": "grass", "variant": 8, "pos": [6, -3]}, "6;-2": {"type": "grass", "variant": 8, "pos": [6, -2]}, "6;-1": {"type": "grass", "variant": 8, "pos": [6, -1]}, "6;0": {"type": "grass", "variant": 8, "pos": [6, 0]}, "6;1": {"type": "grass", "variant": 8, "pos": [6, 1]}, "6;2": {"type": "grass", "variant": 8, "pos": [6, 2]}, "6;3": {"type": "grass", "variant": 8, "pos": [6, 3]}, "6;4": {"type": "grass", "variant": 8, "pos": [6, 4]}, "5;4": {"type": "grass", "variant": 8, "pos": [5, 4]}, "5;3": {"type": "grass", "variant": 8, "pos": [5, 3]}, "5;2": {"type": "grass", "variant": 8, "pos": [5, 2]}, "5;1": {"type": "grass", "variant": 8, "pos": [5, 1]}, "5;0": {"type": "grass", "variant": 8, "pos": [5, 0]}, "5;-1": {"type": "grass", "variant": 8, "pos": [5, -1]}, "5;-2": {"type": "grass", "variant": 8, "pos": [5, -2]}, "5;-3": {"type": "grass", "variant": 8, "pos": [5, -3]}, "5;-5": {"type": "grass", "variant": 1, "pos": [5, -5]}, "6;-5": {"type": "grass", "variant": 1, "pos": [6, -5]}, "13;5": {"type": "grass", "variant": 5, "pos": [13, 5]}, "14;5": {"type": "grass", "variant": 5, "pos": [14, 5]}, "15;5": {"type": "grass", "variant": 5, "pos": [15, 5]}, "15;4": {"type": "grass", "variant": 8, "pos": [15, 4]}, "16;4": {"type": "grass", "variant": 3, "pos": [16, 4]}, "16;3": {"type": "grass", "variant": 3, "pos": [16, 3]}, "15;3": {"type": "grass", "variant": 8, "pos": [15, 3]}, "15;2": {"type": "grass", "variant": 8, "pos": [15, 2]}, "15;1": {"type": "grass", "variant": 8, "pos": [15, 1]}, "14;1": {"type": "grass", "variant": 8, "pos": [14, 1]}, "14;2": {"type": "grass", "variant": 8, "pos": [14, 2]}, "16;5": {"type": "grass", "variant": 4, "pos": [16, 5]}, "16;2": {"type": "grass", "variant": 3, "pos": [16, 2]}, "16;1": {"type": "grass", "variant": 3, "pos": [16, 1]}, "16;0": {"type": "grass", "variant": 3, "pos": [16, 0]}, "16;-1": {"type": "grass", "variant": 3, "pos": [16, -1]}, "15;-1": {"type": "grass", "variant": 8, "pos": [15, -1]}, "15;-2": {"type": "grass", "variant": 8, "pos": [15, -2]}, "15;-3": {"type": "grass", "variant": 8, "pos": [15, -3]}, "15;-4": {"type": "grass", "variant": 8, "pos": [15, -4]}, "15;-5": {"type": "grass", "variant": 1, "pos": [15, -5]}, "16;-5": {"type": "grass", "variant": 2, "pos": [16, -5]}, "16;-4": {"type": "grass", "variant": 3, "pos": [16, -4]}, "16;-3": {"type": "grass", "variant": 3, "pos": [16, -3]}, "16;-2": {"type": "grass", "variant": 3, "pos": [16, -2]}, "14;-4": {"type": "grass", "variant": 8, "pos": [14, -4]}, "14;-5": {"type": "grass", "variant": 1, "pos": [14, -5]}, "13;-5": {"type": "grass", "variant": 1, "pos": [13, -5]}, "13;-4": {"type": "grass", "variant": 8, "pos": [13, -4]}, "13;-3": {"type": "grass", "variant": 8, "pos": [13, -3]}, "13;-2": {"type": "grass", "variant": 8, "pos": [13, -2]}, "13;-1": {"type": "grass", "variant": 8, "pos": [13, -1]}, "13;0": {"type": "grass", "variant": 8, "pos": [13, 0]}, "13;1": {"type": "grass", "variant": 8, "pos": [13, 1]}, "13;2": {"type": "grass", "variant": 8, "pos": [13, 2]}, "13;3": {"type": "grass", "variant": 8, "pos": [13, 3]}, "13;4": {"type": "grass", "variant": 8, "pos": [13, 4]}, "14;4": {"type": "grass", "variant": 8, "pos": [14, 4]}, "14;3": {"type": "grass", "variant": 8, "pos": [14, 3]}, "14;0": {"type": "grass", "variant": 8, "pos": [14, 0]}, "14;-1": {"type": "grass", "variant": 8, "pos": [14, -1]}, "14;-2": {"type": "grass", "variant": 8, "pos": [14, -2]}, "14;-3": {"type": "grass", "variant": 8, "pos": [14, -3]}, "15;0": {"type": "grass", "variant": 8, "pos": [15, 0]}, "3;5": {"type": "grass", "variant": 6, "pos": [3, 5]}, "3;4": {"type": "grass", "variant": 7, "pos": [3, 4]}, "3;3": {"type": "grass", "variant": 7, "pos": [3, 3]}, "3;2": {"type": "grass", "variant": 7, "pos": [3, 2]}, "3;1": {"type": "grass", "variant": 7, "pos": [3, 1]}, "3;0": {"type": "grass", "variant": 7, "pos": [3, 0]}, "3;-4": {"type": "grass", "variant": 7, "pos": [3, -4]}, "3;-5": {"type": "grass", "variant": 0, "pos": [3, -5]}, "3;-3": {"type": "grass", "variant": 7, "pos": [3, -3]}, "3;-2": {"type": "grass", "variant": 7, "pos": [3, -2]}, "3;-1": {"type": "grass", "variant": 7, "pos": [3, -1]}, "-2;0": {"type": "border", "variant": 0, "pos": [-2, 0]}, "-2;-4": {"type": "border", "variant": 0, "pos": [-2, -4]}, "-2;-9": {"type": "border", "variant": 0, "pos": [-2, -9]}, "-2;-14": {"type": "border", "variant": 0, "pos": [-2, -14]}, "21;-5": {"type": "grass", "variant": 0, "pos": [21, -5]}, "22;-5": {"type": "grass", "variant": 1, "pos": [22, -5]}, "22;-4": {"type": "grass", "variant": 8, "pos": [22, -4]}, "23;-4": {"type": "grass", "variant": 8, "pos": [23, -4]}, "24;-4": {"type": "grass", "variant": 3, "pos": [24, -4]}, "24;-3": {"type": "grass", "variant": 4, "pos": [24, -3]}, "23;-3": {"type": "grass", "variant": 5, "pos": [23, -3]}, "22;-3": {"type": "grass", "variant": 5, "pos": [22, -3]}, "24;-5": {"type": "grass", "variant": 2, "pos": [24, -5]}, "23;-5": {"type": "grass", "variant": 1, "pos": [23, -5]}, "21;-3": {"type": "grass", "variant": 6, "pos": [21, -3]}, "21;-4": {"type": "grass", "variant": 7, "pos": [21, -4]}, "28;-5": {"type": "grass", "variant": 0, "pos": [28, -5]}, "26;-5": {"type": "grass", "variant": 0, "pos": [26, -5]}, "30;-5": {"type": "grass", "variant": 0, "pos": [30, -5]}, "32;-5": {"type": "grass", "variant": 0, "pos": [32, -5]}, "34;-5": {"type": "grass", "variant": 0, "pos": [34, -5]}, "42;-5": {"type": "grass", "variant": 0, "pos": [42, -5]}, "44;-5": {"type": "grass", "variant": 1, "pos": [44, -5]}, "45;-5": {"type": "grass", "variant": 1, "pos": [45, -5]}, "46;-5": {"type": "grass", "variant": 2, "pos": [46, -5]}, "43;-5": {"type": "grass", "variant": 1, "pos": [43, -5]}, "43;-4": {"type": "grass", "variant": 8, "pos": [43, -4]}, "42;-4": {"type": "grass", "variant": 6, "pos": [42, -4]}, "44;-4": {"type": "grass", "variant": 8, "pos": [44, -4]}, "45;-4": {"type": "grass", "variant": 8, "pos": [45, -4]}, "46;-4": {"type": "grass", "variant": 3, "pos": [46, -4]}, "46;-3": {"type": "grass", "variant": 4, "pos": [46, -3]}, "45;-3": {"type": "grass", "variant": 5, "pos": [45, -3]}, "44;-3": {"type": "grass", "variant": 5, "pos": [44, -3]}, "43;-3": {"type": "grass", "variant": 6, "pos": [43, -3]}, "50;-5": {"type": "stone", "variant": 0, "pos": [50, -5]}, "51;-5": {"type": "stone", "variant": 1, "pos": [51, -5]}, "52;-5": {"type": "stone", "variant": 2, "pos": [52, -5]}, "51;-4": {"type": "stone", "variant": 8, "pos": [51, -4]}, "50;-4": {"type": "stone", "variant": 7, "pos": [50, -4]}, "52;-4": {"type": "stone", "variant": 4, "pos": [52, -4]}, "51;-3": {"type": "stone", "variant": 4, "pos": [51, -3]}, "50;-3": {"type": "stone", "variant": 6, "pos": [50, -3]}, "55;-6": {"type": "stone", "variant": 6, "pos": [55, -6]}, "55;-7": {"type": "stone", "variant": 7, "pos": [55, -7]}, "55;-8": {"type": "stone", "variant": 7, "pos": [55, -8]}, "55;-9": {"type": "stone", "variant": 7, "pos": [55, -9]}, "55;-10": {"type": "stone", "variant": 7, "pos": [55, -10]}, "55;-11": {"type": "stone", "variant": 7, "pos": [55, -11]}, "55;-12": {"type": "stone", "variant": 0, "pos": [55, -12]}, "56;-12": {"type": "stone", "variant": 1, "pos": [56, -12]}, "57;-12": {"type": "stone", "variant": 1, "pos": [57, -12]}, "58;-12": {"type": "stone", "variant": 1, "pos": [58, -12]}, "59;-12": {"type": "stone", "variant": 1, "pos": [59, -12]}, "60;-12": {"type": "stone", "variant": 2, "pos": [60, -12]}, "60;-11": {"type": "stone", "variant": 4, "pos": [60, -11]}, "59;-11": {"type": "stone", "variant": 8, "pos": [59, -11]}, "59;-10": {"type": "stone", "variant": 3, "pos": [59, -10]}, "59;-9": {"type": "stone", "variant": 3, "pos": [59, -9]}, "59;-8": {"type": "stone", "variant": 3, "pos": [59, -8]}, "59;-7": {"type": "stone", "variant": 4, "pos": [59, -7]}, "58;-7": {"type": "stone", "variant": 8, "pos": [58, -7]}, "58;-6": {"type": "stone", "variant": 3, "pos": [58, -6]}, "58;-5": {"type": "stone", "variant": 4, "pos": [58, -5]}, "57;-5": {"type": "stone", "variant": 6, "pos": [57, -5]}, "57;-6": {"type": "stone", "variant": 8, "pos": [57, -6]}, "56;-6": {"type": "stone", "variant": 5, "pos": [56, -6]}, "56;-7": {"type": "stone", "variant": 8, "pos": [56, -7]}, "57;-8": {"type": "stone", "variant": 8, "pos": [57, -8]}, "57;-9": {"type": "stone", "variant": 8, "pos": [57, -9]}, "57;-10": {"type": "stone", "variant": 8, "pos": [57, -10]}, "57;-11": {"type": "stone", "variant": 8, "pos": [57, -11]}, "56;-11": {"type": "stone", "variant": 8, "pos": [56, -11]}, "56;-10": {"type": "stone", "variant": 8, "pos": [56, -10]}, "56;-9": {"type": "stone", "variant": 8, "pos": [56, -9]}, "56;-8": {"type": "stone", "variant": 8, "pos": [56, -8]}, "57;-7": {"type": "stone", "variant": 8, "pos": [57, -7]}, "58;-8": {"type": "stone", "variant": 8, "pos": [58, -8]}, "58;-9": {"type": "stone", "variant": 8, "pos": [58, -9]}, "58;-10": {"type": "stone", "variant": 8, "pos": [58, -10]}, "58;-11": {"type": "stone", "variant": 8, "pos": [58, -11]}, "52;-10": {"type": "stone", "variant": 4, "pos": [52, -10]}, "52;-11": {"type": "stone", "variant": 3, "pos": [52, -11]}, "52;-12": {"type": "stone", "variant": 3, "pos": [52, -12]}, "52;-13": {"type": "stone", "variant": 3, "pos": [52, -13]}, "52;-14": {"type": "stone", "variant": 3, "pos": [52, -14]}, "51;-14": {"type": "stone", "variant": 8, "pos": [51, -14]}, "50;-13": {"type": "stone", "variant": 6, "pos": [50, -13]}, "51;-13": {"type": "stone", "variant": 8, "pos": [51, -13]}, "51;-12": {"type": "stone", "variant": 7, "pos": [51, -12]}, "51;-11": {"type": "stone", "variant": 7, "pos": [51, -11]}, "51;-10": {"type": "stone", "variant": 6, "pos": [51, -10]}, "50;-14": {"type": "stone", "variant": 7, "pos": [50, -14]}, "52;-15": {"type": "stone", "variant": 3, "pos": [52, -15]}, "51;-16": {"type": "stone", "variant": 8, "pos": [51, -16]}, "50;-16": {"type": "stone", "variant": 7, "pos": [50, -16]}, "50;-15": {"type": "stone", "variant": 7, "pos": [50, -15]}, "51;-15": {"type": "stone", "variant": 8, "pos": [51, -15]}, "52;-16": {"type": "stone", "variant": 3, "pos": [52, -16]}, "51;-17": {"type": "stone", "variant": 1, "pos": [51, -17]}, "52;-17": {"type": "stone", "variant": 2, "pos": [52, -17]}, "50;-17": {"type": "stone", "variant": 0, "pos": [50, -17]}, "55;-15": {"type": "stone", "variant": 6, "pos": [55, -15]}, "55;-16": {"type": "stone", "variant": 0, "pos": [55, -16]}, "56;-16": {"type": "stone", "variant": 2, "pos": [56, -16]}, "56;-15": {"type": "stone", "variant": 4, "pos": [56, -15]}, "26;5": {"type": "border", "variant": 1, "pos": [26, 5]}, "31;5": {"type": "border", "variant": 1, "pos": [31, 5]}, "37;5": {"type": "border", "variant": 1, "pos": [37, 5]}, "42;5": {"type": "border", "variant": 1, "pos": [42, 5]}, "47;5": {"type": "border", "variant": 1, "pos": [47, 5]}, "54;5": {"type": "border", "variant": 1, "pos": [54, 5]}, "60;5": {"type": "border", "variant": 1, "pos": [60, 5]}, "65;5": {"type": "border", "variant": 1, "pos": [65, 5]}, "65;0": {"type": "border", "variant": 0, "pos": [65, 0]}, "65;-6": {"type": "border", "variant": 0, "pos": [65, -6]}, "65;-9": {"type": "border", "variant": 0, "pos": [65, -9]}, "65;-14": {"type": "border", "variant": 0, "pos": [65, -14]}, "65;-19": {"type": "border", "variant": 0, "pos": [65, -19]}, "65;-23": {"type": "border", "variant": 0, "pos": [65, -23]}}, "tile_size": 16, "offgrid": [{"type": "spawners", "variant": 0, "pos": [100.25, 109.5]}, {"type": "large_decor", "variant": 2, "pos": [153.5, 85.75]}, {"type": "large_decor", "variant": 1, "pos": [119.75, 116.25]}, {"type": "decor", "variant": 0, "pos": [150.25, 113.75]}, {"type": "decor", "variant": 1, "pos": [163.25, 112.75]}, {"type": "spawners", "variant": 1, "pos": [120.0, -101.0]}, {"type": "spawners", "variant": 1, "pos": [249.0, -99.75]}, {"type": "spawners", "variant": 2, "pos": [68.75, -144.25]}, {"type": "spawners", "variant": 1, "pos": [732.75, -100.5]}, {"type": "spawners", "variant": 2, "pos": [889.0, -327.75]}, {"type": "spawners", "variant": 2, "pos": [960.25, -239.75]}, {"type": "spawners", "variant": 1, "pos": [813.25, -295.25]}, {"type": "spawners", "variant": 1, "pos": [943.5, -211.0]}, {"type": "decor", "variant": 0, "pos": [685.5, -93.25]}, {"type": "decor", "variant": 1, "pos": [719.0, -94.75]}, {"type": "large_decor", "variant": 2, "pos": [671.75, -122.75]}, {"type": "large_decor", "variant": 1, "pos": [669.75, -91.75]}, {"type": "decor", "variant": 0, "pos": [346.25, -93.5]}, {"type": "decor", "variant": 2, "pos": [382.75, -96.0]}, {"type": "decor", "variant": 2, "pos": [240.75, -94.25]}, {"type": "decor", "variant": 3, "pos": [188.5, -95.25]}, {"type": "large_decor", "variant": 0, "pos": [203.5, -88.5]}, {"type": "large_decor", "variant": 2, "pos": [190.5, -123.5]}, {"type": "decor", "variant": 0, "pos": [49.25, -94.75]}, {"type": "decor", "variant": 1, "pos": [79.0, -94.5]}, {"type": "decor", "variant": 2, "pos": [97.5, -95.0]}, {"type": "decor", "variant": 2, "pos": [107.0, -95.75]}, {"type": "large_decor", "variant": 1, "pos": [60.5, -91.5]}]}