{"tilemap": {"8;9": {"type": "grass", "variant": 8, "pos": [8, 9]}, "8;8": {"type": "grass", "variant": 1, "pos": [8, 8]}, "7;8": {"type": "grass", "variant": 1, "pos": [7, 8]}, "9;8": {"type": "grass", "variant": 1, "pos": [9, 8]}, "9;9": {"type": "grass", "variant": 8, "pos": [9, 9]}, "10;9": {"type": "grass", "variant": 8, "pos": [10, 9]}, "7;9": {"type": "grass", "variant": 8, "pos": [7, 9]}, "6;9": {"type": "grass", "variant": 6, "pos": [6, 9]}, "10;8": {"type": "grass", "variant": 1, "pos": [10, 8]}, "9;10": {"type": "grass", "variant": 8, "pos": [9, 10]}, "10;10": {"type": "grass", "variant": 8, "pos": [10, 10]}, "8;10": {"type": "grass", "variant": 5, "pos": [8, 10]}, "7;10": {"type": "grass", "variant": 6, "pos": [7, 10]}, "10;11": {"type": "grass", "variant": 4, "pos": [10, 11]}, "9;11": {"type": "grass", "variant": 6, "pos": [9, 11]}, "6;8": {"type": "grass", "variant": 0, "pos": [6, 8]}, "6;16": {"type": "border", "variant": 1, "pos": [6, 16]}, "12;16": {"type": "border", "variant": 1, "pos": [12, 16]}, "18;16": {"type": "border", "variant": 1, "pos": [18, 16]}, "24;16": {"type": "border", "variant": 1, "pos": [24, 16]}, "11;8": {"type": "grass", "variant": 1, "pos": [11, 8]}, "11;9": {"type": "grass", "variant": 8, "pos": [11, 9]}, "11;10": {"type": "grass", "variant": 4, "pos": [11, 10]}, "12;9": {"type": "grass", "variant": 4, "pos": [12, 9]}, "12;8": {"type": "grass", "variant": 2, "pos": [12, 8]}, "15;7": {"type": "grass", "variant": 0, "pos": [15, 7]}, "16;8": {"type": "grass", "variant": 4, "pos": [16, 8]}, "16;7": {"type": "grass", "variant": 2, "pos": [16, 7]}, "15;8": {"type": "grass", "variant": 6, "pos": [15, 8]}, "19;5": {"type": "grass", "variant": 0, "pos": [19, 5]}, "19;6": {"type": "grass", "variant": 6, "pos": [19, 6]}, "20;6": {"type": "grass", "variant": 4, "pos": [20, 6]}, "20;5": {"type": "grass", "variant": 2, "pos": [20, 5]}, "23;4": {"type": "grass", "variant": 6, "pos": [23, 4]}, "24;4": {"type": "grass", "variant": 4, "pos": [24, 4]}, "24;3": {"type": "grass", "variant": 2, "pos": [24, 3]}, "23;3": {"type": "grass", "variant": 0, "pos": [23, 3]}, "26;0": {"type": "grass", "variant": 7, "pos": [26, 0]}, "26;1": {"type": "grass", "variant": 6, "pos": [26, 1]}, "27;1": {"type": "grass", "variant": 4, "pos": [27, 1]}, "27;0": {"type": "grass", "variant": 3, "pos": [27, 0]}, "27;-1": {"type": "grass", "variant": 2, "pos": [27, -1]}, "26;-1": {"type": "grass", "variant": 0, "pos": [26, -1]}, "23;-1": {"type": "grass", "variant": 4, "pos": [23, -1]}, "23;-2": {"type": "grass", "variant": 2, "pos": [23, -2]}, "22;-2": {"type": "grass", "variant": 0, "pos": [22, -2]}, "22;-1": {"type": "grass", "variant": 6, "pos": [22, -1]}, "19;-3": {"type": "grass", "variant": 2, "pos": [19, -3]}, "18;-3": {"type": "grass", "variant": 1, "pos": [18, -3]}, "17;-3": {"type": "grass", "variant": 1, "pos": [17, -3]}, "19;-2": {"type": "grass", "variant": 4, "pos": [19, -2]}, "18;-2": {"type": "grass", "variant": 5, "pos": [18, -2]}, "17;-2": {"type": "grass", "variant": 5, "pos": [17, -2]}, "16;-2": {"type": "grass", "variant": 5, "pos": [16, -2]}, "15;-2": {"type": "grass", "variant": 6, "pos": [15, -2]}, "16;-3": {"type": "grass", "variant": 1, "pos": [16, -3]}, "15;-3": {"type": "grass", "variant": 0, "pos": [15, -3]}, "11;-2": {"type": "grass", "variant": 4, "pos": [11, -2]}, "10;-2": {"type": "grass", "variant": 5, "pos": [10, -2]}, "9;-2": {"type": "grass", "variant": 6, "pos": [9, -2]}, "9;-3": {"type": "grass", "variant": 0, "pos": [9, -3]}, "10;-3": {"type": "grass", "variant": 1, "pos": [10, -3]}, "11;-3": {"type": "grass", "variant": 2, "pos": [11, -3]}, "7;-1": {"type": "grass", "variant": 2, "pos": [7, -1]}, "6;-1": {"type": "grass", "variant": 1, "pos": [6, -1]}, "6;0": {"type": "grass", "variant": 5, "pos": [6, 0]}, "5;0": {"type": "grass", "variant": 6, "pos": [5, 0]}, "5;-1": {"type": "grass", "variant": 0, "pos": [5, -1]}, "7;0": {"type": "grass", "variant": 4, "pos": [7, 0]}, "3;2": {"type": "grass", "variant": 2, "pos": [3, 2]}, "3;3": {"type": "grass", "variant": 4, "pos": [3, 3]}, "2;3": {"type": "grass", "variant": 6, "pos": [2, 3]}, "2;2": {"type": "grass", "variant": 0, "pos": [2, 2]}, "0;5": {"type": "grass", "variant": 2, "pos": [0, 5]}, "0;6": {"type": "grass", "variant": 3, "pos": [0, 6]}, "0;7": {"type": "grass", "variant": 4, "pos": [0, 7]}, "-1;7": {"type": "grass", "variant": 6, "pos": [-1, 7]}, "-1;6": {"type": "grass", "variant": 7, "pos": [-1, 6]}, "-1;5": {"type": "grass", "variant": 0, "pos": [-1, 5]}, "2;16": {"type": "border", "variant": 1, "pos": [2, 16]}, "-4;16": {"type": "border", "variant": 1, "pos": [-4, 16]}, "-8;16": {"type": "border", "variant": 1, "pos": [-8, 16]}, "-8;12": {"type": "border", "variant": 0, "pos": [-8, 12]}, "-8;5": {"type": "border", "variant": 0, "pos": [-8, 5]}, "-8;-3": {"type": "border", "variant": 0, "pos": [-8, -3]}, "-8;1": {"type": "border", "variant": 0, "pos": [-8, 1]}, "-8;-7": {"type": "border", "variant": 0, "pos": [-8, -7]}, "28;16": {"type": "border", "variant": 1, "pos": [28, 16]}, "32;16": {"type": "border", "variant": 1, "pos": [32, 16]}, "32;9": {"type": "border", "variant": 0, "pos": [32, 9]}, "32;4": {"type": "border", "variant": 0, "pos": [32, 4]}, "32;-3": {"type": "border", "variant": 0, "pos": [32, -3]}, "32;-11": {"type": "border", "variant": 0, "pos": [32, -11]}}, "tile_size": 16, "offgrid": [{"type": "spawners", "variant": 0, "pos": [100.25, 109.5]}, {"type": "large_decor", "variant": 2, "pos": [153.5, 85.75]}, {"type": "large_decor", "variant": 1, "pos": [119.75, 116.25]}, {"type": "decor", "variant": 0, "pos": [150.25, 113.75]}, {"type": "decor", "variant": 1, "pos": [163.25, 112.75]}, {"type": "spawners", "variant": 2, "pos": [-8.25, 5.75]}, {"type": "spawners", "variant": 2, "pos": [96.75, -72.75]}, {"type": "spawners", "variant": 2, "pos": [266.0, -106.75]}, {"type": "spawners", "variant": 2, "pos": [419.0, -90.25]}, {"type": "spawners", "variant": 3, "pos": [237.75, -82.0]}, {"type": "spawners", "variant": 1, "pos": [50.75, 11.25]}, {"type": "spawners", "variant": 1, "pos": [114.5, -37.25]}, {"type": "spawners", "variant": 1, "pos": [375.25, 29.25]}, {"type": "spawners", "variant": 2, "pos": [164.5, 59.25]}]}