{"tilemap": {"8;9": {"type": "grass", "variant": 8, "pos": [8, 9]}, "8;8": {"type": "grass", "variant": 1, "pos": [8, 8]}, "7;8": {"type": "grass", "variant": 1, "pos": [7, 8]}, "9;8": {"type": "grass", "variant": 1, "pos": [9, 8]}, "9;9": {"type": "grass", "variant": 8, "pos": [9, 9]}, "10;9": {"type": "grass", "variant": 8, "pos": [10, 9]}, "7;9": {"type": "grass", "variant": 8, "pos": [7, 9]}, "6;9": {"type": "grass", "variant": 6, "pos": [6, 9]}, "10;8": {"type": "grass", "variant": 1, "pos": [10, 8]}, "9;10": {"type": "grass", "variant": 8, "pos": [9, 10]}, "10;10": {"type": "grass", "variant": 8, "pos": [10, 10]}, "8;10": {"type": "grass", "variant": 5, "pos": [8, 10]}, "7;10": {"type": "grass", "variant": 6, "pos": [7, 10]}, "10;11": {"type": "grass", "variant": 4, "pos": [10, 11]}, "9;11": {"type": "grass", "variant": 6, "pos": [9, 11]}, "6;8": {"type": "grass", "variant": 0, "pos": [6, 8]}, "-2;11": {"type": "border", "variant": 0, "pos": [-2, 11]}, "-2;7": {"type": "border", "variant": 0, "pos": [-2, 7]}, "-2;3": {"type": "border", "variant": 0, "pos": [-2, 3]}, "6;16": {"type": "border", "variant": 1, "pos": [6, 16]}, "12;16": {"type": "border", "variant": 1, "pos": [12, 16]}, "18;16": {"type": "border", "variant": 1, "pos": [18, 16]}, "24;16": {"type": "border", "variant": 1, "pos": [24, 16]}, "11;8": {"type": "grass", "variant": 1, "pos": [11, 8]}, "11;9": {"type": "grass", "variant": 8, "pos": [11, 9]}, "11;10": {"type": "grass", "variant": 4, "pos": [11, 10]}, "12;9": {"type": "grass", "variant": 5, "pos": [12, 9]}, "13;9": {"type": "grass", "variant": 4, "pos": [13, 9]}, "13;8": {"type": "grass", "variant": 2, "pos": [13, 8]}, "12;8": {"type": "grass", "variant": 1, "pos": [12, 8]}, "18;8": {"type": "stone", "variant": 0, "pos": [18, 8]}, "19;8": {"type": "stone", "variant": 1, "pos": [19, 8]}, "20;8": {"type": "stone", "variant": 1, "pos": [20, 8]}, "21;8": {"type": "stone", "variant": 1, "pos": [21, 8]}, "22;8": {"type": "stone", "variant": 1, "pos": [22, 8]}, "23;8": {"type": "stone", "variant": 2, "pos": [23, 8]}, "23;9": {"type": "stone", "variant": 3, "pos": [23, 9]}, "22;9": {"type": "stone", "variant": 8, "pos": [22, 9]}, "21;10": {"type": "stone", "variant": 5, "pos": [21, 10]}, "20;10": {"type": "stone", "variant": 5, "pos": [20, 10]}, "19;10": {"type": "stone", "variant": 5, "pos": [19, 10]}, "18;10": {"type": "stone", "variant": 5, "pos": [18, 10]}, "18;9": {"type": "stone", "variant": 8, "pos": [18, 9]}, "17;9": {"type": "stone", "variant": 0, "pos": [17, 9]}, "19;9": {"type": "stone", "variant": 8, "pos": [19, 9]}, "20;9": {"type": "stone", "variant": 8, "pos": [20, 9]}, "21;9": {"type": "stone", "variant": 8, "pos": [21, 9]}, "22;10": {"type": "stone", "variant": 5, "pos": [22, 10]}, "23;10": {"type": "stone", "variant": 4, "pos": [23, 10]}, "17;10": {"type": "stone", "variant": 6, "pos": [17, 10]}, "19;5": {"type": "stone", "variant": 4, "pos": [19, 5]}, "19;4": {"type": "stone", "variant": 3, "pos": [19, 4]}, "18;4": {"type": "stone", "variant": 7, "pos": [18, 4]}, "18;3": {"type": "stone", "variant": 8, "pos": [18, 3]}, "17;3": {"type": "stone", "variant": 6, "pos": [17, 3]}, "17;2": {"type": "stone", "variant": 8, "pos": [17, 2]}, "16;2": {"type": "stone", "variant": 6, "pos": [16, 2]}, "16;1": {"type": "stone", "variant": 8, "pos": [16, 1]}, "15;1": {"type": "stone", "variant": 6, "pos": [15, 1]}, "15;0": {"type": "stone", "variant": 7, "pos": [15, 0]}, "15;-1": {"type": "stone", "variant": 7, "pos": [15, -1]}, "15;-2": {"type": "stone", "variant": 0, "pos": [15, -2]}, "16;-2": {"type": "stone", "variant": 2, "pos": [16, -2]}, "16;-1": {"type": "stone", "variant": 8, "pos": [16, -1]}, "17;-1": {"type": "stone", "variant": 1, "pos": [17, -1]}, "18;-1": {"type": "stone", "variant": 1, "pos": [18, -1]}, "19;-1": {"type": "stone", "variant": 2, "pos": [19, -1]}, "18;0": {"type": "stone", "variant": 8, "pos": [18, 0]}, "18;1": {"type": "stone", "variant": 8, "pos": [18, 1]}, "18;2": {"type": "stone", "variant": 8, "pos": [18, 2]}, "19;2": {"type": "stone", "variant": 3, "pos": [19, 2]}, "19;3": {"type": "stone", "variant": 3, "pos": [19, 3]}, "19;1": {"type": "stone", "variant": 3, "pos": [19, 1]}, "19;0": {"type": "stone", "variant": 3, "pos": [19, 0]}, "17;0": {"type": "stone", "variant": 8, "pos": [17, 0]}, "17;1": {"type": "stone", "variant": 8, "pos": [17, 1]}, "16;0": {"type": "stone", "variant": 8, "pos": [16, 0]}, "18;5": {"type": "stone", "variant": 6, "pos": [18, 5]}, "22;5": {"type": "stone", "variant": 6, "pos": [22, 5]}, "22;4": {"type": "stone", "variant": 7, "pos": [22, 4]}, "23;4": {"type": "stone", "variant": 8, "pos": [23, 4]}, "24;4": {"type": "stone", "variant": 3, "pos": [24, 4]}, "24;5": {"type": "stone", "variant": 4, "pos": [24, 5]}, "23;5": {"type": "stone", "variant": 5, "pos": [23, 5]}, "24;3": {"type": "stone", "variant": 3, "pos": [24, 3]}, "23;3": {"type": "stone", "variant": 8, "pos": [23, 3]}, "22;2": {"type": "stone", "variant": 7, "pos": [22, 2]}, "22;1": {"type": "stone", "variant": 7, "pos": [22, 1]}, "22;3": {"type": "stone", "variant": 7, "pos": [22, 3]}, "22;0": {"type": "stone", "variant": 7, "pos": [22, 0]}, "22;-1": {"type": "stone", "variant": 0, "pos": [22, -1]}, "23;-1": {"type": "stone", "variant": 1, "pos": [23, -1]}, "24;-1": {"type": "stone", "variant": 8, "pos": [24, -1]}, "24;0": {"type": "stone", "variant": 8, "pos": [24, 0]}, "24;1": {"type": "stone", "variant": 8, "pos": [24, 1]}, "23;1": {"type": "stone", "variant": 8, "pos": [23, 1]}, "23;2": {"type": "stone", "variant": 8, "pos": [23, 2]}, "24;2": {"type": "stone", "variant": 3, "pos": [24, 2]}, "23;0": {"type": "stone", "variant": 8, "pos": [23, 0]}, "25;0": {"type": "stone", "variant": 8, "pos": [25, 0]}, "25;-1": {"type": "stone", "variant": 8, "pos": [25, -1]}, "26;-1": {"type": "stone", "variant": 8, "pos": [26, -1]}, "26;-2": {"type": "stone", "variant": 1, "pos": [26, -2]}, "25;-2": {"type": "stone", "variant": 1, "pos": [25, -2]}, "24;-2": {"type": "stone", "variant": 0, "pos": [24, -2]}, "26;0": {"type": "stone", "variant": 8, "pos": [26, 0]}, "26;1": {"type": "stone", "variant": 5, "pos": [26, 1]}, "25;1": {"type": "stone", "variant": 5, "pos": [25, 1]}, "27;0": {"type": "stone", "variant": 8, "pos": [27, 0]}, "28;0": {"type": "stone", "variant": 8, "pos": [28, 0]}, "29;0": {"type": "stone", "variant": 4, "pos": [29, 0]}, "28;-1": {"type": "stone", "variant": 8, "pos": [28, -1]}, "27;-1": {"type": "stone", "variant": 8, "pos": [27, -1]}, "27;-2": {"type": "stone", "variant": 1, "pos": [27, -2]}, "28;1": {"type": "stone", "variant": 4, "pos": [28, 1]}, "27;1": {"type": "stone", "variant": 5, "pos": [27, 1]}, "29;-1": {"type": "stone", "variant": 3, "pos": [29, -1]}, "29;-2": {"type": "stone", "variant": 2, "pos": [29, -2]}, "28;-2": {"type": "stone", "variant": 1, "pos": [28, -2]}, "32;-2": {"type": "grass", "variant": 0, "pos": [32, -2]}, "33;-2": {"type": "grass", "variant": 2, "pos": [33, -2]}, "33;-1": {"type": "grass", "variant": 8, "pos": [33, -1]}, "33;0": {"type": "grass", "variant": 8, "pos": [33, 0]}, "33;1": {"type": "grass", "variant": 6, "pos": [33, 1]}, "34;1": {"type": "grass", "variant": 5, "pos": [34, 1]}, "35;1": {"type": "grass", "variant": 4, "pos": [35, 1]}, "34;-1": {"type": "grass", "variant": 2, "pos": [34, -1]}, "35;0": {"type": "grass", "variant": 2, "pos": [35, 0]}, "34;0": {"type": "grass", "variant": 8, "pos": [34, 0]}, "32;-1": {"type": "grass", "variant": 7, "pos": [32, -1]}, "32;0": {"type": "grass", "variant": 6, "pos": [32, 0]}, "39;0": {"type": "grass", "variant": 0, "pos": [39, 0]}, "40;0": {"type": "grass", "variant": 2, "pos": [40, 0]}, "40;1": {"type": "grass", "variant": 4, "pos": [40, 1]}, "39;1": {"type": "grass", "variant": 6, "pos": [39, 1]}, "43;0": {"type": "grass", "variant": 0, "pos": [43, 0]}, "44;0": {"type": "grass", "variant": 2, "pos": [44, 0]}, "44;1": {"type": "grass", "variant": 4, "pos": [44, 1]}, "43;1": {"type": "grass", "variant": 6, "pos": [43, 1]}, "48;1": {"type": "grass", "variant": 0, "pos": [48, 1]}, "49;1": {"type": "grass", "variant": 8, "pos": [49, 1]}, "49;0": {"type": "grass", "variant": 7, "pos": [49, 0]}, "49;-1": {"type": "grass", "variant": 0, "pos": [49, -1]}, "50;-2": {"type": "grass", "variant": 0, "pos": [50, -2]}, "51;-2": {"type": "grass", "variant": 2, "pos": [51, -2]}, "51;-1": {"type": "grass", "variant": 3, "pos": [51, -1]}, "51;0": {"type": "grass", "variant": 3, "pos": [51, 0]}, "51;1": {"type": "grass", "variant": 3, "pos": [51, 1]}, "51;2": {"type": "grass", "variant": 4, "pos": [51, 2]}, "50;2": {"type": "grass", "variant": 5, "pos": [50, 2]}, "50;1": {"type": "grass", "variant": 8, "pos": [50, 1]}, "50;0": {"type": "grass", "variant": 8, "pos": [50, 0]}, "50;-1": {"type": "grass", "variant": 8, "pos": [50, -1]}, "49;2": {"type": "grass", "variant": 5, "pos": [49, 2]}, "48;2": {"type": "grass", "variant": 6, "pos": [48, 2]}, "54;-4": {"type": "grass", "variant": 8, "pos": [54, -4]}, "54;-5": {"type": "grass", "variant": 8, "pos": [54, -5]}, "54;-6": {"type": "grass", "variant": 8, "pos": [54, -6]}, "54;-7": {"type": "grass", "variant": 8, "pos": [54, -7]}, "54;-8": {"type": "grass", "variant": 7, "pos": [54, -8]}, "54;-9": {"type": "grass", "variant": 7, "pos": [54, -9]}, "54;-10": {"type": "grass", "variant": 0, "pos": [54, -10]}, "53;-3": {"type": "grass", "variant": 6, "pos": [53, -3]}, "53;-4": {"type": "grass", "variant": 7, "pos": [53, -4]}, "53;-5": {"type": "grass", "variant": 7, "pos": [53, -5]}, "53;-7": {"type": "grass", "variant": 0, "pos": [53, -7]}, "53;-6": {"type": "grass", "variant": 7, "pos": [53, -6]}, "54;-3": {"type": "grass", "variant": 5, "pos": [54, -3]}, "55;-3": {"type": "grass", "variant": 4, "pos": [55, -3]}, "55;-4": {"type": "grass", "variant": 3, "pos": [55, -4]}, "55;-5": {"type": "grass", "variant": 8, "pos": [55, -5]}, "56;-5": {"type": "grass", "variant": 4, "pos": [56, -5]}, "56;-6": {"type": "grass", "variant": 3, "pos": [56, -6]}, "56;-7": {"type": "grass", "variant": 3, "pos": [56, -7]}, "55;-7": {"type": "grass", "variant": 8, "pos": [55, -7]}, "55;-8": {"type": "grass", "variant": 8, "pos": [55, -8]}, "55;-9": {"type": "grass", "variant": 8, "pos": [55, -9]}, "55;-10": {"type": "grass", "variant": 1, "pos": [55, -10]}, "56;-9": {"type": "grass", "variant": 3, "pos": [56, -9]}, "56;-8": {"type": "grass", "variant": 3, "pos": [56, -8]}, "55;-6": {"type": "grass", "variant": 8, "pos": [55, -6]}, "56;-10": {"type": "grass", "variant": 2, "pos": [56, -10]}, "62;-7": {"type": "grass", "variant": 2, "pos": [62, -7]}, "61;-7": {"type": "grass", "variant": 1, "pos": [61, -7]}, "60;-7": {"type": "grass", "variant": 0, "pos": [60, -7]}, "60;-6": {"type": "grass", "variant": 6, "pos": [60, -6]}, "61;-6": {"type": "grass", "variant": 5, "pos": [61, -6]}, "62;-6": {"type": "grass", "variant": 8, "pos": [62, -6]}, "62;-5": {"type": "grass", "variant": 7, "pos": [62, -5]}, "63;-5": {"type": "grass", "variant": 8, "pos": [63, -5]}, "63;-4": {"type": "grass", "variant": 8, "pos": [63, -4]}, "64;-4": {"type": "grass", "variant": 8, "pos": [64, -4]}, "63;-3": {"type": "grass", "variant": 5, "pos": [63, -3]}, "64;-3": {"type": "grass", "variant": 5, "pos": [64, -3]}, "65;-3": {"type": "grass", "variant": 5, "pos": [65, -3]}, "66;-3": {"type": "grass", "variant": 5, "pos": [66, -3]}, "64;-5": {"type": "grass", "variant": 1, "pos": [64, -5]}, "65;-5": {"type": "grass", "variant": 1, "pos": [65, -5]}, "66;-5": {"type": "grass", "variant": 1, "pos": [66, -5]}, "66;-4": {"type": "grass", "variant": 8, "pos": [66, -4]}, "65;-4": {"type": "grass", "variant": 8, "pos": [65, -4]}, "62;-4": {"type": "grass", "variant": 7, "pos": [62, -4]}, "62;-3": {"type": "grass", "variant": 6, "pos": [62, -3]}, "67;-3": {"type": "grass", "variant": 5, "pos": [67, -3]}, "68;-3": {"type": "grass", "variant": 5, "pos": [68, -3]}, "69;-3": {"type": "grass", "variant": 4, "pos": [69, -3]}, "68;-4": {"type": "grass", "variant": 8, "pos": [68, -4]}, "69;-4": {"type": "grass", "variant": 8, "pos": [69, -4]}, "69;-5": {"type": "grass", "variant": 1, "pos": [69, -5]}, "70;-5": {"type": "grass", "variant": 8, "pos": [70, -5]}, "71;-5": {"type": "grass", "variant": 8, "pos": [71, -5]}, "68;-5": {"type": "grass", "variant": 1, "pos": [68, -5]}, "67;-4": {"type": "grass", "variant": 8, "pos": [67, -4]}, "67;-5": {"type": "grass", "variant": 1, "pos": [67, -5]}, "70;-4": {"type": "grass", "variant": 5, "pos": [70, -4]}, "72;-6": {"type": "grass", "variant": 8, "pos": [72, -6]}, "73;-6": {"type": "grass", "variant": 8, "pos": [73, -6]}, "73;-7": {"type": "grass", "variant": 1, "pos": [73, -7]}, "72;-7": {"type": "grass", "variant": 0, "pos": [72, -7]}, "71;-6": {"type": "grass", "variant": 1, "pos": [71, -6]}, "70;-6": {"type": "grass", "variant": 0, "pos": [70, -6]}, "72;-5": {"type": "grass", "variant": 8, "pos": [72, -5]}, "71;-4": {"type": "grass", "variant": 5, "pos": [71, -4]}, "72;-4": {"type": "grass", "variant": 4, "pos": [72, -4]}, "73;-5": {"type": "grass", "variant": 4, "pos": [73, -5]}, "63;-6": {"type": "grass", "variant": 2, "pos": [63, -6]}, "74;-7": {"type": "grass", "variant": 1, "pos": [74, -7]}, "74;-6": {"type": "grass", "variant": 5, "pos": [74, -6]}, "75;-6": {"type": "grass", "variant": 4, "pos": [75, -6]}, "75;-7": {"type": "grass", "variant": 2, "pos": [75, -7]}}, "tile_size": 16, "offgrid": [{"type": "spawners", "variant": 0, "pos": [100.25, 109.5]}, {"type": "large_decor", "variant": 2, "pos": [153.5, 85.75]}, {"type": "large_decor", "variant": 1, "pos": [119.75, 116.25]}, {"type": "decor", "variant": 0, "pos": [150.25, 113.75]}, {"type": "decor", "variant": 1, "pos": [163.25, 112.75]}, {"type": "spawners", "variant": 1, "pos": [460.0, -53.0]}, {"type": "spawners", "variant": 3, "pos": [414.25, -64.5]}, {"type": "spawners", "variant": 2, "pos": [253.5, -97.75]}, {"type": "spawners", "variant": 2, "pos": [292.75, -73.25]}, {"type": "spawners", "variant": 2, "pos": [536.25, -91.5]}, {"type": "spawners", "variant": 2, "pos": [802.25, -97.5]}, {"type": "spawners", "variant": 2, "pos": [701.0, -80.0]}, {"type": "spawners", "variant": 1, "pos": [892.0, -182.5]}, {"type": "spawners", "variant": 3, "pos": [1085.0, -113.0]}, {"type": "spawners", "variant": 3, "pos": [1150.5, -145.75]}, {"type": "spawners", "variant": 2, "pos": [985.75, -175.5]}, {"type": "spawners", "variant": 2, "pos": [1184.0, -187.5]}, {"type": "decor", "variant": 0, "pos": [513.5, -47.25]}, {"type": "decor", "variant": 1, "pos": [540.75, -30.75]}, {"type": "decor", "variant": 3, "pos": [626.0, -15.0]}, {"type": "decor", "variant": 3, "pos": [801.0, -46.5]}, {"type": "large_decor", "variant": 1, "pos": [633.0, -11.0]}, {"type": "large_decor", "variant": 2, "pos": [865.75, -199.0]}, {"type": "large_decor", "variant": 2, "pos": [1031.25, -120.5]}, {"type": "large_decor", "variant": 0, "pos": [1045.5, -87.0]}, {"type": "large_decor", "variant": 1, "pos": [1190.5, -122.5]}, {"type": "decor", "variant": 0, "pos": [1180.75, -127.75]}, {"type": "decor", "variant": 2, "pos": [1191.75, -127.5]}, {"type": "decor", "variant": 2, "pos": [1030.0, -95.5]}, {"type": "decor", "variant": 3, "pos": [969.0, -127.5]}]}